maintenance_id,turbine_id,scheduled_date,engineer_assigned,maintenance_type,cost_estimate_usd
MAIN-00000,TURB-0024,2022-04-15,Aisha Khan,Routine Check,935.12
MAIN-00001,TURB-0010,2023-06-19,Aisha Khan,Generator Inspection,9418.04
MAIN-00002,TURB-0021,2021-09-15,John Doe,Routine Check,2398.36
MAIN-00003,TURB-0050,2024-09-05,Aisha Khan,Generator Inspection,6381.36
MAIN-00004,TURB-0045,2021-10-02,Jane Smith,Blade Repair,902.94
MAIN-00005,TURB-0019,2024-11-20,Aisha Khan,Routine Check,1325.13
MAIN-00006,TURB-0002,2024-10-22,Jane Smith,Blade Repair,7017.47
MAIN-00007,TURB-0010,2020-08-22,Jane Smith,Gearbox Replacement,6691.35
MAIN-00008,TURB-0014,2024-12-15,Jane Smith,Blade Repair,5755.24
MAIN-00009,TURB-0046,2023-07-07,Jane Smith,Gearbox Replacement,7567.5
MAIN-00010,TURB-0017,2024-06-15,Carlos Gomez,Gearbox Replacement,6849.82
MAIN-00011,TURB-0006,2021-06-03,Jane Smith,Blade Repair,7662.03
MAIN-00012,TURB-0015,2021-12-20,Lee Wong,Blade Repair,7609.09
MAIN-00013,TURB-0025,2020-01-03,Lee Wong,Routine Check,3917.89
MAIN-00014,TURB-0013,2024-09-19,Carlos Gomez,Blade Repair,5790.35
MAIN-00015,TURB-0027,2020-12-03,Jane Smith,Routine Check,2979.93
MAIN-00016,TURB-0033,2024-01-12,Lee Wong,Routine Check,7371.73
MAIN-00017,TURB-0050,2020-02-14,Jane Smith,Routine Check,6590.76
MAIN-00018,TURB-0007,2021-04-28,John Doe,Generator Inspection,943.27
MAIN-00019,TURB-0012,2024-04-20,Aisha Khan,Generator Inspection,7105.27
MAIN-00020,TURB-0049,2023-06-02,John Doe,Gearbox Replacement,9589.04
MAIN-00021,TURB-0034,2020-06-09,John Doe,Routine Check,9774.46
MAIN-00022,TURB-0046,2024-05-13,Lee Wong,Gearbox Replacement,5811.51
MAIN-00023,TURB-0007,2023-12-09,Carlos Gomez,Routine Check,7307.52
MAIN-00024,TURB-0013,2022-09-04,Carlos Gomez,Gearbox Replacement,2751.28
MAIN-00025,TURB-0024,2022-02-18,Lee Wong,Blade Repair,4594.44
MAIN-00026,TURB-0035,2023-03-15,Jane Smith,Gearbox Replacement,6752.46
MAIN-00027,TURB-0030,2021-06-06,John Doe,Gearbox Replacement,4503.3
MAIN-00028,TURB-0026,2023-05-17,John Doe,Routine Check,694.86
MAIN-00029,TURB-0048,2023-03-13,Jane Smith,Generator Inspection,6894.25
MAIN-00030,TURB-0017,2024-06-30,Carlos Gomez,Blade Repair,9563.69
MAIN-00031,TURB-0033,2023-10-15,John Doe,Gearbox Replacement,8798.05
MAIN-00032,TURB-0006,2022-05-18,John Doe,Routine Check,3358.93
MAIN-00033,TURB-0014,2021-10-02,Carlos Gomez,Generator Inspection,2013.77
MAIN-00034,TURB-0001,2023-10-17,Aisha Khan,Routine Check,5681.99
MAIN-00035,TURB-0044,2021-12-09,Lee Wong,Gearbox Replacement,3086.16
MAIN-00036,TURB-0042,2024-02-01,John Doe,Blade Repair,2108.08
MAIN-00037,TURB-0041,2021-03-03,Carlos Gomez,Blade Repair,6114.02
MAIN-00038,TURB-0031,2022-05-19,Jane Smith,Generator Inspection,1841.9
MAIN-00039,TURB-0008,2022-03-19,Lee Wong,Blade Repair,5425.94
MAIN-00040,TURB-0049,2023-03-12,Lee Wong,Gearbox Replacement,2925.5
MAIN-00041,TURB-0022,2020-04-20,Aisha Khan,Blade Repair,7861.69
MAIN-00042,TURB-0049,2020-06-26,Carlos Gomez,Generator Inspection,5178.35
MAIN-00043,TURB-0047,2024-05-26,John Doe,Gearbox Replacement,978.81
MAIN-00044,TURB-0001,2024-05-30,Lee Wong,Routine Check,8185.23
MAIN-00045,TURB-0001,2024-08-22,Jane Smith,Gearbox Replacement,6865.34
MAIN-00046,TURB-0044,2024-11-02,Aisha Khan,Routine Check,2668.94
MAIN-00047,TURB-0022,2020-12-18,John Doe,Generator Inspection,819.12
MAIN-00048,TURB-0038,2022-05-08,Lee Wong,Generator Inspection,8114.37
MAIN-00049,TURB-0041,2023-06-09,Lee Wong,Routine Check,3139.79
MAIN-00050,TURB-0018,2020-01-14,John Doe,Blade Repair,2231.1
MAIN-00051,TURB-0039,2021-03-22,Lee Wong,Gearbox Replacement,5178.99
MAIN-00052,TURB-0032,2024-12-14,Carlos Gomez,Blade Repair,8367.67
MAIN-00053,TURB-0041,2024-11-02,Carlos Gomez,Gearbox Replacement,2953.62
MAIN-00054,TURB-0008,2023-10-09,Aisha Khan,Gearbox Replacement,4966.69
MAIN-00055,TURB-0029,2024-12-05,Lee Wong,Gearbox Replacement,7216.38
MAIN-00056,TURB-0044,2022-05-20,Aisha Khan,Gearbox Replacement,4161.1
MAIN-00057,TURB-0018,2021-04-14,Lee Wong,Blade Repair,7462.01
MAIN-00058,TURB-0043,2020-08-19,Lee Wong,Routine Check,2006.61
MAIN-00059,TURB-0024,2020-08-02,Lee Wong,Gearbox Replacement,2264.8
MAIN-00060,TURB-0045,2022-05-17,John Doe,Blade Repair,4548.09
MAIN-00061,TURB-0009,2021-03-16,John Doe,Routine Check,7261.11
MAIN-00062,TURB-0043,2023-02-11,Lee Wong,Generator Inspection,3483.75
MAIN-00063,TURB-0017,2022-05-14,Jane Smith,Blade Repair,5658.28
MAIN-00064,TURB-0005,2020-04-10,Lee Wong,Blade Repair,7660.32
MAIN-00065,TURB-0002,2023-11-24,Lee Wong,Gearbox Replacement,5229.01
MAIN-00066,TURB-0008,2024-09-27,Jane Smith,Blade Repair,4115.91
MAIN-00067,TURB-0031,2023-10-28,Carlos Gomez,Generator Inspection,6681.0
MAIN-00068,TURB-0011,2021-01-13,Lee Wong,Routine Check,765.32
MAIN-00069,TURB-0049,2024-11-03,John Doe,Blade Repair,6992.61
MAIN-00070,TURB-0028,2021-08-20,John Doe,Generator Inspection,8193.32
MAIN-00071,TURB-0047,2021-02-06,Aisha Khan,Generator Inspection,8938.93
MAIN-00072,TURB-0022,2024-02-17,Carlos Gomez,Generator Inspection,3469.13
MAIN-00073,TURB-0017,2022-07-16,Aisha Khan,Gearbox Replacement,9670.66
MAIN-00074,TURB-0013,2024-01-22,Jane Smith,Routine Check,3703.97
MAIN-00075,TURB-0020,2021-02-16,John Doe,Gearbox Replacement,2517.05
MAIN-00076,TURB-0044,2022-12-26,Lee Wong,Generator Inspection,2160.63
MAIN-00077,TURB-0001,2021-01-24,Jane Smith,Routine Check,8070.95
MAIN-00078,TURB-0024,2023-01-21,Lee Wong,Gearbox Replacement,8441.25
MAIN-00079,TURB-0021,2020-01-18,Aisha Khan,Routine Check,3549.06
MAIN-00080,TURB-0029,2023-04-17,John Doe,Gearbox Replacement,2161.4
MAIN-00081,TURB-0012,2022-07-26,John Doe,Routine Check,6652.77
MAIN-00082,TURB-0028,2023-02-15,Jane Smith,Generator Inspection,5895.16
MAIN-00083,TURB-0049,2022-08-19,Lee Wong,Gearbox Replacement,9982.85
MAIN-00084,TURB-0037,2023-03-23,Lee Wong,Blade Repair,6418.91
MAIN-00085,TURB-0020,2022-02-08,John Doe,Routine Check,5165.39
MAIN-00086,TURB-0028,2023-02-03,Jane Smith,Routine Check,3149.13
MAIN-00087,TURB-0048,2021-09-02,Lee Wong,Gearbox Replacement,8265.45
MAIN-00088,TURB-0030,2024-11-09,Lee Wong,Blade Repair,7479.77
MAIN-00089,TURB-0050,2023-03-04,Jane Smith,Generator Inspection,9396.63
MAIN-00090,TURB-0007,2023-04-26,Jane Smith,Routine Check,9967.86
MAIN-00091,TURB-0013,2023-06-14,Aisha Khan,Blade Repair,4678.76
MAIN-00092,TURB-0025,2021-12-10,Jane Smith,Generator Inspection,8845.12
MAIN-00093,TURB-0012,2020-01-01,John Doe,Gearbox Replacement,9325.52
MAIN-00094,TURB-0044,2023-06-14,John Doe,Blade Repair,4015.64
MAIN-00095,TURB-0030,2022-07-15,Carlos Gomez,Routine Check,6295.64
MAIN-00096,TURB-0035,2023-09-19,Aisha Khan,Generator Inspection,5767.85
MAIN-00097,TURB-0043,2020-03-12,Aisha Khan,Routine Check,9287.82
MAIN-00098,TURB-0028,2021-03-31,Aisha Khan,Routine Check,9081.76
MAIN-00099,TURB-0010,2020-10-21,Carlos Gomez,Routine Check,4286.12
MAIN-00100,TURB-0024,2020-02-07,Lee Wong,Gearbox Replacement,3095.07
MAIN-00101,TURB-0048,2023-12-27,Aisha Khan,Gearbox Replacement,5345.63
MAIN-00102,TURB-0042,2022-03-29,Carlos Gomez,Generator Inspection,855.2
MAIN-00103,TURB-0042,2022-07-15,Lee Wong,Routine Check,674.43
MAIN-00104,TURB-0029,2021-04-19,Carlos Gomez,Gearbox Replacement,8451.18
MAIN-00105,TURB-0012,2020-03-17,Carlos Gomez,Blade Repair,5857.28
MAIN-00106,TURB-0033,2020-06-17,Jane Smith,Routine Check,6031.07
MAIN-00107,TURB-0026,2024-02-22,Aisha Khan,Generator Inspection,3335.3
MAIN-00108,TURB-0039,2023-12-25,Carlos Gomez,Blade Repair,3533.14
MAIN-00109,TURB-0040,2024-03-12,John Doe,Routine Check,4513.73
MAIN-00110,TURB-0020,2022-01-09,Jane Smith,Gearbox Replacement,5295.95
MAIN-00111,TURB-0013,2021-01-06,Carlos Gomez,Routine Check,4547.06
MAIN-00112,TURB-0023,2023-06-23,Lee Wong,Blade Repair,8961.24
MAIN-00113,TURB-0014,2020-01-28,John Doe,Gearbox Replacement,9318.5
MAIN-00114,TURB-0014,2022-08-20,Carlos Gomez,Blade Repair,6961.4
MAIN-00115,TURB-0050,2022-09-02,Jane Smith,Gearbox Replacement,4737.51
MAIN-00116,TURB-0037,2023-11-04,Aisha Khan,Generator Inspection,1217.97
MAIN-00117,TURB-0049,2022-05-05,Aisha Khan,Gearbox Replacement,4726.5
MAIN-00118,TURB-0001,2024-03-04,Jane Smith,Routine Check,4536.59
MAIN-00119,TURB-0002,2024-11-12,Lee Wong,Routine Check,1035.2
MAIN-00120,TURB-0003,2024-07-09,Carlos Gomez,Blade Repair,7901.78
MAIN-00121,TURB-0029,2023-02-28,Carlos Gomez,Generator Inspection,778.01
MAIN-00122,TURB-0002,2020-10-12,John Doe,Gearbox Replacement,1026.75
MAIN-00123,TURB-0028,2022-10-16,John Doe,Routine Check,870.93
MAIN-00124,TURB-0046,2024-09-28,Carlos Gomez,Gearbox Replacement,2491.17
MAIN-00125,TURB-0024,2021-02-10,John Doe,Routine Check,3793.76
MAIN-00126,TURB-0033,2023-12-01,Lee Wong,Blade Repair,9583.26
MAIN-00127,TURB-0031,2023-11-15,Lee Wong,Gearbox Replacement,1421.41
MAIN-00128,TURB-0034,2023-09-30,Jane Smith,Routine Check,5658.24
MAIN-00129,TURB-0013,2021-05-07,Carlos Gomez,Routine Check,5152.06
MAIN-00130,TURB-0028,2024-05-25,Lee Wong,Routine Check,7878.27
MAIN-00131,TURB-0006,2020-02-19,Lee Wong,Routine Check,8385.71
MAIN-00132,TURB-0016,2022-01-24,Lee Wong,Gearbox Replacement,5643.01
MAIN-00133,TURB-0017,2023-07-23,Lee Wong,Blade Repair,5390.08
MAIN-00134,TURB-0004,2024-06-01,John Doe,Gearbox Replacement,2895.33
MAIN-00135,TURB-0015,2023-01-31,Lee Wong,Routine Check,4643.04
MAIN-00136,TURB-0050,2023-05-26,John Doe,Generator Inspection,8958.43
MAIN-00137,TURB-0044,2022-12-01,John Doe,Routine Check,7350.46
MAIN-00138,TURB-0042,2021-02-24,Carlos Gomez,Generator Inspection,3266.31
MAIN-00139,TURB-0019,2021-06-19,Aisha Khan,Blade Repair,8421.65
MAIN-00140,TURB-0030,2020-07-30,Jane Smith,Blade Repair,5779.37
MAIN-00141,TURB-0018,2024-01-27,John Doe,Routine Check,6416.97
MAIN-00142,TURB-0016,2021-09-30,Lee Wong,Generator Inspection,506.26
MAIN-00143,TURB-0032,2022-01-03,Jane Smith,Generator Inspection,3593.99
MAIN-00144,TURB-0005,2021-11-17,Carlos Gomez,Gearbox Replacement,6245.35
MAIN-00145,TURB-0049,2024-07-09,John Doe,Gearbox Replacement,3200.96
MAIN-00146,TURB-0041,2022-01-25,Carlos Gomez,Generator Inspection,2594.48
MAIN-00147,TURB-0025,2022-10-03,Jane Smith,Routine Check,9640.34
MAIN-00148,TURB-0014,2023-09-12,Jane Smith,Gearbox Replacement,7411.44
MAIN-00149,TURB-0024,2020-10-20,Lee Wong,Gearbox Replacement,9996.71
MAIN-00150,TURB-0014,2020-10-21,Jane Smith,Routine Check,4533.7
MAIN-00151,TURB-0007,2020-01-06,Lee Wong,Blade Repair,8423.37
MAIN-00152,TURB-0031,2021-01-01,Lee Wong,Gearbox Replacement,5367.26
MAIN-00153,TURB-0004,2024-01-09,Lee Wong,Blade Repair,2097.35
MAIN-00154,TURB-0003,2023-04-15,Jane Smith,Gearbox Replacement,6705.38
MAIN-00155,TURB-0045,2022-09-04,Aisha Khan,Generator Inspection,2632.66
MAIN-00156,TURB-0016,2020-02-13,Jane Smith,Blade Repair,1062.6
MAIN-00157,TURB-0044,2023-12-13,Lee Wong,Generator Inspection,1398.16
MAIN-00158,TURB-0038,2023-01-18,Lee Wong,Routine Check,7385.08
MAIN-00159,TURB-0007,2022-01-24,Carlos Gomez,Routine Check,3463.92
MAIN-00160,TURB-0037,2021-05-03,Aisha Khan,Gearbox Replacement,8664.91
MAIN-00161,TURB-0018,2020-04-08,Jane Smith,Blade Repair,3652.16
MAIN-00162,TURB-0012,2021-04-19,John Doe,Blade Repair,4677.52
MAIN-00163,TURB-0015,2021-01-19,Carlos Gomez,Routine Check,7078.62
MAIN-00164,TURB-0027,2023-10-09,Lee Wong,Gearbox Replacement,4377.82
MAIN-00165,TURB-0044,2020-01-29,Lee Wong,Generator Inspection,1365.33
MAIN-00166,TURB-0001,2022-11-15,Carlos Gomez,Gearbox Replacement,6292.23
MAIN-00167,TURB-0039,2024-06-24,Lee Wong,Generator Inspection,7169.17
MAIN-00168,TURB-0040,2022-04-21,Aisha Khan,Gearbox Replacement,2658.39
MAIN-00169,TURB-0004,2024-10-06,Jane Smith,Generator Inspection,8586.87
MAIN-00170,TURB-0030,2024-11-19,Lee Wong,Blade Repair,1747.89
MAIN-00171,TURB-0002,2023-09-26,Aisha Khan,Gearbox Replacement,3927.47
MAIN-00172,TURB-0016,2020-07-11,Aisha Khan,Gearbox Replacement,1661.19
MAIN-00173,TURB-0048,2023-02-24,Carlos Gomez,Routine Check,2416.05
MAIN-00174,TURB-0045,2022-12-10,Carlos Gomez,Routine Check,3465.58
MAIN-00175,TURB-0045,2021-05-27,John Doe,Generator Inspection,4237.32
MAIN-00176,TURB-0023,2022-07-15,Carlos Gomez,Routine Check,3479.26
MAIN-00177,TURB-0007,2023-02-27,Carlos Gomez,Gearbox Replacement,7992.46
MAIN-00178,TURB-0049,2022-11-30,Aisha Khan,Routine Check,2774.95
MAIN-00179,TURB-0011,2020-10-01,John Doe,Generator Inspection,7948.1
MAIN-00180,TURB-0005,2022-03-29,Aisha Khan,Blade Repair,3209.54
MAIN-00181,TURB-0014,2023-08-29,Carlos Gomez,Blade Repair,9041.64
MAIN-00182,TURB-0036,2021-02-20,John Doe,Gearbox Replacement,4837.29
MAIN-00183,TURB-0008,2024-04-26,John Doe,Generator Inspection,9196.91
MAIN-00184,TURB-0023,2022-03-29,Carlos Gomez,Blade Repair,850.58
MAIN-00185,TURB-0034,2023-07-21,Jane Smith,Generator Inspection,4519.34
MAIN-00186,TURB-0003,2020-11-25,Carlos Gomez,Routine Check,1501.3
MAIN-00187,TURB-0024,2023-07-20,Lee Wong,Blade Repair,6753.78
MAIN-00188,TURB-0009,2021-10-17,John Doe,Routine Check,3764.56
MAIN-00189,TURB-0047,2022-06-07,John Doe,Blade Repair,2934.92
MAIN-00190,TURB-0013,2021-03-18,Aisha Khan,Blade Repair,7431.11
MAIN-00191,TURB-0005,2024-11-26,Aisha Khan,Generator Inspection,4799.27
MAIN-00192,TURB-0010,2024-10-29,Aisha Khan,Generator Inspection,6972.07
MAIN-00193,TURB-0035,2023-07-18,Lee Wong,Gearbox Replacement,3711.54
MAIN-00194,TURB-0007,2023-12-19,Carlos Gomez,Blade Repair,3154.42
MAIN-00195,TURB-0001,2022-01-25,Aisha Khan,Gearbox Replacement,4332.43
MAIN-00196,TURB-0032,2023-04-07,Jane Smith,Gearbox Replacement,6088.21
MAIN-00197,TURB-0026,2023-12-19,Aisha Khan,Routine Check,9332.36
MAIN-00198,TURB-0017,2021-01-13,Jane Smith,Gearbox Replacement,9518.96
MAIN-00199,TURB-0037,2024-08-02,Carlos Gomez,Blade Repair,2473.52
MAIN-00200,TURB-0009,2020-07-30,Aisha Khan,Gearbox Replacement,3667.81
MAIN-00201,TURB-0026,2024-02-19,Lee Wong,Blade Repair,6100.32
MAIN-00202,TURB-0015,2021-03-22,Carlos Gomez,Routine Check,5535.93
MAIN-00203,TURB-0035,2022-08-08,Aisha Khan,Blade Repair,2666.23
MAIN-00204,TURB-0027,2020-08-08,Lee Wong,Generator Inspection,8104.58
MAIN-00205,TURB-0042,2021-03-06,Aisha Khan,Gearbox Replacement,4515.59
MAIN-00206,TURB-0031,2021-03-06,Aisha Khan,Gearbox Replacement,9804.44
MAIN-00207,TURB-0029,2023-05-07,Lee Wong,Routine Check,1243.15
MAIN-00208,TURB-0032,2024-08-11,Carlos Gomez,Routine Check,3445.86
MAIN-00209,TURB-0005,2023-03-28,John Doe,Blade Repair,9356.5
MAIN-00210,TURB-0015,2024-07-02,Jane Smith,Routine Check,3017.11
MAIN-00211,TURB-0028,2022-02-21,Jane Smith,Gearbox Replacement,1378.99
MAIN-00212,TURB-0041,2024-02-09,Jane Smith,Gearbox Replacement,5133.37
MAIN-00213,TURB-0015,2022-05-15,Jane Smith,Generator Inspection,3661.27
MAIN-00214,TURB-0049,2020-05-07,Carlos Gomez,Gearbox Replacement,4763.96
MAIN-00215,TURB-0021,2021-03-18,Aisha Khan,Routine Check,3118.62
MAIN-00216,TURB-0045,2024-08-29,Carlos Gomez,Routine Check,7808.3
MAIN-00217,TURB-0017,2023-08-03,Carlos Gomez,Gearbox Replacement,3011.84
MAIN-00218,TURB-0037,2023-02-16,John Doe,Routine Check,3560.43
MAIN-00219,TURB-0031,2022-04-05,Jane Smith,Routine Check,3909.42
MAIN-00220,TURB-0014,2020-06-23,Aisha Khan,Gearbox Replacement,3553.77
MAIN-00221,TURB-0004,2024-06-28,Carlos Gomez,Gearbox Replacement,9893.67
MAIN-00222,TURB-0022,2020-05-29,Lee Wong,Routine Check,7315.48
MAIN-00223,TURB-0004,2021-02-07,Lee Wong,Gearbox Replacement,7003.34
MAIN-00224,TURB-0039,2023-04-17,John Doe,Generator Inspection,7980.26
MAIN-00225,TURB-0040,2022-11-06,Carlos Gomez,Generator Inspection,6555.87
MAIN-00226,TURB-0012,2021-06-03,Carlos Gomez,Routine Check,7171.44
MAIN-00227,TURB-0016,2022-05-02,Lee Wong,Routine Check,975.09
MAIN-00228,TURB-0011,2022-11-15,John Doe,Generator Inspection,1817.19
MAIN-00229,TURB-0044,2023-08-01,Aisha Khan,Blade Repair,1436.03
MAIN-00230,TURB-0043,2023-10-19,Jane Smith,Blade Repair,2867.35
MAIN-00231,TURB-0018,2021-05-05,Aisha Khan,Generator Inspection,1120.82
MAIN-00232,TURB-0020,2020-05-17,Jane Smith,Blade Repair,4874.21
MAIN-00233,TURB-0038,2021-05-06,Jane Smith,Blade Repair,9622.83
MAIN-00234,TURB-0031,2024-12-11,Lee Wong,Gearbox Replacement,1160.16
MAIN-00235,TURB-0009,2024-06-24,John Doe,Routine Check,5665.79
MAIN-00236,TURB-0006,2024-09-14,Jane Smith,Blade Repair,4805.75
MAIN-00237,TURB-0050,2023-12-06,Lee Wong,Routine Check,7806.7
MAIN-00238,TURB-0027,2023-03-19,Lee Wong,Gearbox Replacement,7507.91
MAIN-00239,TURB-0037,2023-01-15,Jane Smith,Generator Inspection,7009.06
MAIN-00240,TURB-0010,2024-03-04,Lee Wong,Routine Check,8716.88
MAIN-00241,TURB-0023,2020-10-12,John Doe,Gearbox Replacement,6616.64
MAIN-00242,TURB-0022,2020-03-24,John Doe,Routine Check,840.99
MAIN-00243,TURB-0012,2022-09-05,Jane Smith,Blade Repair,7998.51
MAIN-00244,TURB-0047,2023-11-17,John Doe,Blade Repair,893.61
MAIN-00245,TURB-0017,2021-06-16,Lee Wong,Gearbox Replacement,7805.11
MAIN-00246,TURB-0039,2024-04-02,John Doe,Gearbox Replacement,9906.11
MAIN-00247,TURB-0036,2021-08-05,John Doe,Blade Repair,9734.67
MAIN-00248,TURB-0041,2021-12-30,Carlos Gomez,Blade Repair,8149.08
MAIN-00249,TURB-0025,2022-09-05,Jane Smith,Routine Check,7300.51
MAIN-00250,TURB-0035,2023-03-23,Carlos Gomez,Gearbox Replacement,3680.29
MAIN-00251,TURB-0042,2024-12-30,Aisha Khan,Gearbox Replacement,2076.95
MAIN-00252,TURB-0007,2021-08-02,Jane Smith,Routine Check,7429.16
MAIN-00253,TURB-0048,2022-02-16,John Doe,Generator Inspection,3430.65
MAIN-00254,TURB-0045,2020-12-17,Jane Smith,Routine Check,7403.21
MAIN-00255,TURB-0012,2023-01-14,Jane Smith,Blade Repair,6622.71
MAIN-00256,TURB-0009,2024-08-02,John Doe,Blade Repair,2801.83
MAIN-00257,TURB-0005,2021-08-29,Jane Smith,Generator Inspection,3789.65
MAIN-00258,TURB-0002,2022-11-24,John Doe,Routine Check,9485.17
MAIN-00259,TURB-0016,2021-12-20,Aisha Khan,Blade Repair,1707.89
MAIN-00260,TURB-0039,2020-12-12,Aisha Khan,Generator Inspection,7569.03
MAIN-00261,TURB-0041,2023-02-21,Carlos Gomez,Blade Repair,3396.9
MAIN-00262,TURB-0050,2020-04-16,Jane Smith,Generator Inspection,4274.84
MAIN-00263,TURB-0013,2024-03-03,Lee Wong,Generator Inspection,927.93
MAIN-00264,TURB-0006,2024-03-27,Jane Smith,Gearbox Replacement,2765.18
MAIN-00265,TURB-0026,2022-07-01,Jane Smith,Blade Repair,1263.9
MAIN-00266,TURB-0050,2024-04-17,Lee Wong,Routine Check,1245.29
MAIN-00267,TURB-0042,2022-11-06,Carlos Gomez,Blade Repair,8827.05
MAIN-00268,TURB-0003,2020-04-04,Aisha Khan,Blade Repair,4530.19
MAIN-00269,TURB-0034,2022-11-25,Aisha Khan,Blade Repair,9428.59
MAIN-00270,TURB-0009,2024-10-29,Jane Smith,Routine Check,9100.14
MAIN-00271,TURB-0047,2021-07-20,Carlos Gomez,Blade Repair,5948.93
MAIN-00272,TURB-0014,2023-03-26,Jane Smith,Generator Inspection,6909.66
MAIN-00273,TURB-0005,2021-03-13,Lee Wong,Routine Check,4948.43
MAIN-00274,TURB-0033,2024-06-16,John Doe,Generator Inspection,7014.81
MAIN-00275,TURB-0005,2022-06-21,Lee Wong,Blade Repair,4383.7
MAIN-00276,TURB-0017,2023-06-26,Lee Wong,Gearbox Replacement,2807.57
MAIN-00277,TURB-0041,2023-08-14,Lee Wong,Routine Check,1539.62
MAIN-00278,TURB-0030,2023-09-04,John Doe,Generator Inspection,5259.28
MAIN-00279,TURB-0019,2023-12-31,Lee Wong,Blade Repair,5701.44
MAIN-00280,TURB-0025,2024-09-03,Aisha Khan,Generator Inspection,9159.45
MAIN-00281,TURB-0028,2021-10-08,Lee Wong,Routine Check,8207.09
MAIN-00282,TURB-0045,2021-06-24,Aisha Khan,Blade Repair,2384.6
MAIN-00283,TURB-0019,2024-01-14,Lee Wong,Routine Check,7147.58
MAIN-00284,TURB-0016,2021-02-07,Aisha Khan,Blade Repair,1491.28
MAIN-00285,TURB-0048,2022-03-20,Lee Wong,Routine Check,7759.65
MAIN-00286,TURB-0033,2021-06-16,John Doe,Routine Check,5822.73
MAIN-00287,TURB-0047,2020-05-11,John Doe,Gearbox Replacement,2770.54
MAIN-00288,TURB-0036,2022-03-10,Jane Smith,Routine Check,3566.62
MAIN-00289,TURB-0041,2024-08-21,Carlos Gomez,Blade Repair,6848.87
MAIN-00290,TURB-0039,2024-12-20,Aisha Khan,Blade Repair,5888.78
MAIN-00291,TURB-0007,2023-11-05,John Doe,Blade Repair,2827.08
MAIN-00292,TURB-0024,2020-06-03,Jane Smith,Blade Repair,9956.94
MAIN-00293,TURB-0011,2020-11-08,Lee Wong,Routine Check,4314.97
MAIN-00294,TURB-0002,2021-06-06,Jane Smith,Generator Inspection,8944.69
MAIN-00295,TURB-0043,2023-11-19,Lee Wong,Gearbox Replacement,6024.37
MAIN-00296,TURB-0023,2023-12-14,Aisha Khan,Gearbox Replacement,3444.76
MAIN-00297,TURB-0032,2022-09-15,John Doe,Gearbox Replacement,2685.62
MAIN-00298,TURB-0004,2024-09-04,John Doe,Routine Check,9949.14
MAIN-00299,TURB-0020,2022-11-23,Jane Smith,Blade Repair,623.56
MAIN-00300,TURB-0044,2020-04-25,Aisha Khan,Generator Inspection,4560.22
MAIN-00301,TURB-0024,2021-02-26,Aisha Khan,Gearbox Replacement,7653.43
MAIN-00302,TURB-0039,2024-10-08,Carlos Gomez,Generator Inspection,6786.2
MAIN-00303,TURB-0004,2021-12-11,Lee Wong,Routine Check,3597.14
MAIN-00304,TURB-0013,2020-11-12,Lee Wong,Blade Repair,2005.13
MAIN-00305,TURB-0027,2021-08-09,Jane Smith,Routine Check,3458.48
MAIN-00306,TURB-0017,2022-03-24,Jane Smith,Routine Check,1443.07
MAIN-00307,TURB-0022,2021-06-02,Carlos Gomez,Blade Repair,6847.47
MAIN-00308,TURB-0035,2023-08-07,Jane Smith,Generator Inspection,2466.32
MAIN-00309,TURB-0032,2020-05-16,Lee Wong,Generator Inspection,669.3
MAIN-00310,TURB-0029,2022-03-31,John Doe,Generator Inspection,4298.9
MAIN-00311,TURB-0008,2023-01-15,Carlos Gomez,Gearbox Replacement,8094.59
MAIN-00312,TURB-0029,2020-12-07,John Doe,Generator Inspection,2460.8
MAIN-00313,TURB-0032,2021-06-30,Jane Smith,Routine Check,3191.77
MAIN-00314,TURB-0037,2024-06-01,John Doe,Routine Check,8521.71
MAIN-00315,TURB-0005,2021-10-10,Aisha Khan,Routine Check,2098.28
MAIN-00316,TURB-0003,2020-05-02,Lee Wong,Blade Repair,9299.17
MAIN-00317,TURB-0008,2023-09-29,John Doe,Blade Repair,6068.21
MAIN-00318,TURB-0047,2022-08-08,Lee Wong,Generator Inspection,9910.28
MAIN-00319,TURB-0049,2023-04-24,Lee Wong,Generator Inspection,7341.21
MAIN-00320,TURB-0031,2023-07-09,Carlos Gomez,Routine Check,9283.63
MAIN-00321,TURB-0009,2021-01-16,John Doe,Generator Inspection,4024.15
MAIN-00322,TURB-0042,2021-12-09,John Doe,Routine Check,2806.72
MAIN-00323,TURB-0008,2021-06-25,Jane Smith,Routine Check,6656.27
MAIN-00324,TURB-0013,2020-10-28,Aisha Khan,Generator Inspection,6798.4
MAIN-00325,TURB-0032,2024-10-18,Jane Smith,Generator Inspection,7568.85
MAIN-00326,TURB-0036,2020-09-30,Aisha Khan,Routine Check,7155.24
MAIN-00327,TURB-0026,2022-11-24,Aisha Khan,Generator Inspection,3875.89
MAIN-00328,TURB-0034,2020-07-17,Carlos Gomez,Generator Inspection,5358.77
MAIN-00329,TURB-0006,2021-11-08,Aisha Khan,Gearbox Replacement,1014.23
MAIN-00330,TURB-0015,2021-09-09,Aisha Khan,Generator Inspection,5597.82
MAIN-00331,TURB-0031,2023-10-11,Lee Wong,Blade Repair,5104.38
MAIN-00332,TURB-0011,2021-02-28,John Doe,Gearbox Replacement,897.81
MAIN-00333,TURB-0044,2023-06-22,Aisha Khan,Blade Repair,7322.29
MAIN-00334,TURB-0011,2020-05-30,Aisha Khan,Generator Inspection,5161.95
MAIN-00335,TURB-0009,2022-01-26,Jane Smith,Gearbox Replacement,3453.35
MAIN-00336,TURB-0044,2020-01-15,Carlos Gomez,Blade Repair,4721.77
MAIN-00337,TURB-0029,2024-03-12,Aisha Khan,Blade Repair,4918.2
MAIN-00338,TURB-0018,2024-04-09,Aisha Khan,Gearbox Replacement,4029.95
MAIN-00339,TURB-0040,2022-11-19,John Doe,Blade Repair,951.9
MAIN-00340,TURB-0012,2020-02-16,Jane Smith,Routine Check,9364.77
MAIN-00341,TURB-0005,2024-05-19,Aisha Khan,Generator Inspection,2582.56
MAIN-00342,TURB-0011,2022-12-26,Carlos Gomez,Routine Check,3281.21
MAIN-00343,TURB-0021,2022-03-11,Lee Wong,Blade Repair,5736.43
MAIN-00344,TURB-0007,2023-02-27,John Doe,Routine Check,6003.62
MAIN-00345,TURB-0019,2022-08-05,John Doe,Gearbox Replacement,4107.84
MAIN-00346,TURB-0041,2021-12-10,Aisha Khan,Blade Repair,3506.55
MAIN-00347,TURB-0046,2023-01-05,Aisha Khan,Blade Repair,2229.92
MAIN-00348,TURB-0021,2022-10-30,Carlos Gomez,Routine Check,5989.14
MAIN-00349,TURB-0013,2022-01-07,Carlos Gomez,Blade Repair,6070.23
MAIN-00350,TURB-0029,2022-01-23,Aisha Khan,Routine Check,1794.54
MAIN-00351,TURB-0043,2020-09-26,Carlos Gomez,Blade Repair,9537.55
MAIN-00352,TURB-0047,2024-12-27,Carlos Gomez,Routine Check,3857.46
MAIN-00353,TURB-0044,2022-01-01,John Doe,Blade Repair,6421.44
MAIN-00354,TURB-0043,2023-01-17,John Doe,Blade Repair,7038.71
MAIN-00355,TURB-0035,2023-09-10,John Doe,Generator Inspection,2585.23
MAIN-00356,TURB-0044,2023-02-07,Carlos Gomez,Routine Check,7672.76
MAIN-00357,TURB-0029,2024-07-27,Jane Smith,Gearbox Replacement,6908.16
MAIN-00358,TURB-0031,2021-11-03,Jane Smith,Generator Inspection,2252.24
MAIN-00359,TURB-0006,2024-09-22,Lee Wong,Blade Repair,3268.94
MAIN-00360,TURB-0010,2020-04-30,Jane Smith,Generator Inspection,8509.61
MAIN-00361,TURB-0031,2024-01-11,Lee Wong,Gearbox Replacement,9875.25
MAIN-00362,TURB-0017,2022-07-10,Jane Smith,Generator Inspection,5095.58
MAIN-00363,TURB-0031,2024-05-12,Aisha Khan,Gearbox Replacement,2576.21
MAIN-00364,TURB-0026,2020-09-03,John Doe,Blade Repair,2235.51
MAIN-00365,TURB-0036,2020-05-29,Jane Smith,Blade Repair,4585.11
MAIN-00366,TURB-0007,2022-03-28,John Doe,Blade Repair,4443.62
MAIN-00367,TURB-0038,2020-09-05,Jane Smith,Gearbox Replacement,4770.71
MAIN-00368,TURB-0001,2020-03-31,Carlos Gomez,Blade Repair,4908.47
MAIN-00369,TURB-0020,2024-04-26,John Doe,Generator Inspection,6555.67
MAIN-00370,TURB-0031,2023-03-11,Jane Smith,Routine Check,9905.99
MAIN-00371,TURB-0032,2022-08-25,Lee Wong,Blade Repair,4566.62
MAIN-00372,TURB-0010,2023-05-03,Aisha Khan,Routine Check,6095.89
MAIN-00373,TURB-0002,2022-07-25,Carlos Gomez,Routine Check,4711.22
MAIN-00374,TURB-0028,2022-02-26,Lee Wong,Blade Repair,3577.86
MAIN-00375,TURB-0028,2024-10-05,Aisha Khan,Routine Check,2888.84
MAIN-00376,TURB-0049,2021-02-19,John Doe,Gearbox Replacement,6190.84
MAIN-00377,TURB-0033,2020-07-10,Lee Wong,Generator Inspection,3587.32
MAIN-00378,TURB-0026,2020-02-16,John Doe,Blade Repair,1825.25
MAIN-00379,TURB-0011,2021-02-07,Lee Wong,Blade Repair,9269.29
MAIN-00380,TURB-0040,2020-06-01,Lee Wong,Routine Check,5311.5
MAIN-00381,TURB-0042,2022-07-24,Lee Wong,Gearbox Replacement,6952.99
MAIN-00382,TURB-0022,2023-03-05,Aisha Khan,Gearbox Replacement,8981.36
MAIN-00383,TURB-0001,2023-06-03,Carlos Gomez,Blade Repair,9570.0
MAIN-00384,TURB-0017,2023-04-19,Aisha Khan,Gearbox Replacement,7676.63
MAIN-00385,TURB-0005,2020-08-19,Carlos Gomez,Blade Repair,5690.28
MAIN-00386,TURB-0017,2023-09-16,John Doe,Blade Repair,4654.8
MAIN-00387,TURB-0034,2023-10-01,Jane Smith,Generator Inspection,9370.72
MAIN-00388,TURB-0033,2024-09-05,John Doe,Gearbox Replacement,8298.85
MAIN-00389,TURB-0005,2021-12-04,John Doe,Routine Check,3233.6
MAIN-00390,TURB-0033,2024-04-24,Aisha Khan,Routine Check,3735.29
MAIN-00391,TURB-0007,2022-01-03,John Doe,Blade Repair,8763.57
MAIN-00392,TURB-0041,2021-01-03,Lee Wong,Generator Inspection,9664.35
MAIN-00393,TURB-0016,2021-03-06,John Doe,Routine Check,7751.65
MAIN-00394,TURB-0008,2020-05-03,John Doe,Generator Inspection,9551.14
MAIN-00395,TURB-0036,2024-03-31,Lee Wong,Generator Inspection,8314.89
MAIN-00396,TURB-0012,2020-06-01,Lee Wong,Gearbox Replacement,4859.16
MAIN-00397,TURB-0005,2024-02-20,Jane Smith,Generator Inspection,1795.81
MAIN-00398,TURB-0004,2021-03-20,Aisha Khan,Blade Repair,6018.66
MAIN-00399,TURB-0024,2021-05-21,Jane Smith,Gearbox Replacement,2957.78
MAIN-00400,TURB-0018,2021-12-19,John Doe,Generator Inspection,8263.31
MAIN-00401,TURB-0038,2024-05-13,John Doe,Blade Repair,2592.27
MAIN-00402,TURB-0008,2022-03-12,John Doe,Gearbox Replacement,4624.92
MAIN-00403,TURB-0018,2023-05-18,Lee Wong,Blade Repair,3757.7
MAIN-00404,TURB-0020,2022-11-30,Lee Wong,Generator Inspection,8743.75
MAIN-00405,TURB-0044,2024-09-17,Carlos Gomez,Blade Repair,6796.06
MAIN-00406,TURB-0032,2021-12-08,Lee Wong,Blade Repair,6956.87
MAIN-00407,TURB-0009,2023-01-01,Carlos Gomez,Generator Inspection,9266.24
MAIN-00408,TURB-0023,2024-08-05,Carlos Gomez,Blade Repair,2706.12
MAIN-00409,TURB-0040,2021-02-01,Carlos Gomez,Routine Check,6441.55
MAIN-00410,TURB-0015,2024-01-10,Jane Smith,Blade Repair,2839.58
MAIN-00411,TURB-0038,2023-02-07,John Doe,Gearbox Replacement,5281.76
MAIN-00412,TURB-0011,2020-11-10,John Doe,Generator Inspection,8988.15
MAIN-00413,TURB-0045,2020-03-18,Aisha Khan,Generator Inspection,6431.98
MAIN-00414,TURB-0029,2021-11-05,Jane Smith,Blade Repair,6229.71
MAIN-00415,TURB-0017,2022-11-06,Jane Smith,Blade Repair,8390.11
MAIN-00416,TURB-0046,2024-02-07,John Doe,Routine Check,3482.92
MAIN-00417,TURB-0048,2022-08-17,Aisha Khan,Gearbox Replacement,4974.77
MAIN-00418,TURB-0023,2020-10-21,Carlos Gomez,Blade Repair,5584.88
MAIN-00419,TURB-0033,2020-04-01,John Doe,Blade Repair,1402.42
MAIN-00420,TURB-0024,2021-11-24,Aisha Khan,Generator Inspection,5766.9
MAIN-00421,TURB-0025,2024-12-01,Lee Wong,Generator Inspection,7997.48
MAIN-00422,TURB-0006,2021-12-04,John Doe,Routine Check,9404.85
MAIN-00423,TURB-0037,2023-07-26,John Doe,Generator Inspection,8494.68
MAIN-00424,TURB-0022,2023-11-08,Aisha Khan,Generator Inspection,1025.32
MAIN-00425,TURB-0020,2021-02-24,Carlos Gomez,Gearbox Replacement,6057.51
MAIN-00426,TURB-0018,2020-07-08,Aisha Khan,Generator Inspection,7853.16
MAIN-00427,TURB-0004,2021-01-15,John Doe,Generator Inspection,6318.96
MAIN-00428,TURB-0048,2020-02-14,Jane Smith,Blade Repair,8311.25
MAIN-00429,TURB-0044,2020-07-07,Lee Wong,Routine Check,9394.66
MAIN-00430,TURB-0036,2022-07-30,Jane Smith,Blade Repair,9699.69
MAIN-00431,TURB-0044,2023-11-05,Lee Wong,Routine Check,661.01
MAIN-00432,TURB-0034,2023-04-01,Carlos Gomez,Routine Check,8342.13
MAIN-00433,TURB-0046,2020-07-01,Jane Smith,Generator Inspection,5096.19
MAIN-00434,TURB-0041,2020-11-26,John Doe,Gearbox Replacement,8849.94
MAIN-00435,TURB-0031,2023-07-09,Jane Smith,Gearbox Replacement,7055.88
MAIN-00436,TURB-0022,2024-08-05,Lee Wong,Blade Repair,3479.84
MAIN-00437,TURB-0005,2023-04-08,Jane Smith,Routine Check,4476.06
MAIN-00438,TURB-0050,2021-12-29,Carlos Gomez,Blade Repair,4031.27
MAIN-00439,TURB-0031,2023-06-29,Lee Wong,Routine Check,1137.24
MAIN-00440,TURB-0006,2021-02-23,Jane Smith,Routine Check,3737.88
MAIN-00441,TURB-0042,2020-01-18,Lee Wong,Generator Inspection,1408.18
MAIN-00442,TURB-0027,2021-10-08,Aisha Khan,Gearbox Replacement,776.35
MAIN-00443,TURB-0013,2024-06-17,John Doe,Generator Inspection,3034.42
MAIN-00444,TURB-0015,2022-03-02,Carlos Gomez,Generator Inspection,7902.65
MAIN-00445,TURB-0041,2021-06-21,Carlos Gomez,Routine Check,9575.81
MAIN-00446,TURB-0008,2021-11-09,Lee Wong,Generator Inspection,2684.79
MAIN-00447,TURB-0004,2023-12-09,Aisha Khan,Gearbox Replacement,9624.73
MAIN-00448,TURB-0041,2020-08-13,John Doe,Routine Check,7351.7
MAIN-00449,TURB-0012,2022-03-11,Lee Wong,Generator Inspection,8742.46
MAIN-00450,TURB-0017,2021-01-01,Carlos Gomez,Generator Inspection,1221.35
MAIN-00451,TURB-0034,2024-07-09,Aisha Khan,Blade Repair,8429.05
MAIN-00452,TURB-0044,2021-12-03,Aisha Khan,Generator Inspection,5367.64
MAIN-00453,TURB-0022,2020-10-25,John Doe,Routine Check,8719.94
MAIN-00454,TURB-0029,2020-04-16,Aisha Khan,Blade Repair,7154.01
MAIN-00455,TURB-0038,2020-02-14,Aisha Khan,Generator Inspection,8638.15
MAIN-00456,TURB-0001,2021-07-25,Aisha Khan,Blade Repair,598.35
MAIN-00457,TURB-0003,2023-05-29,Jane Smith,Generator Inspection,2015.52
MAIN-00458,TURB-0038,2023-07-04,Lee Wong,Blade Repair,7411.77
MAIN-00459,TURB-0035,2024-01-20,John Doe,Generator Inspection,3624.7
MAIN-00460,TURB-0013,2021-07-18,Aisha Khan,Gearbox Replacement,6502.85
MAIN-00461,TURB-0019,2024-01-15,John Doe,Gearbox Replacement,4732.19
MAIN-00462,TURB-0037,2024-07-24,John Doe,Routine Check,2861.82
MAIN-00463,TURB-0046,2024-11-26,Carlos Gomez,Generator Inspection,8246.79
MAIN-00464,TURB-0034,2024-06-17,Carlos Gomez,Routine Check,5337.74
MAIN-00465,TURB-0020,2021-02-07,Aisha Khan,Blade Repair,2910.85
MAIN-00466,TURB-0036,2022-06-24,Lee Wong,Generator Inspection,3163.95
MAIN-00467,TURB-0035,2020-02-21,Jane Smith,Blade Repair,4777.3
MAIN-00468,TURB-0025,2020-03-03,Lee Wong,Generator Inspection,1347.92
MAIN-00469,TURB-0027,2024-12-30,Aisha Khan,Routine Check,7506.55
MAIN-00470,TURB-0017,2023-04-17,John Doe,Blade Repair,5304.56
MAIN-00471,TURB-0008,2020-01-09,Jane Smith,Gearbox Replacement,8327.72
MAIN-00472,TURB-0031,2022-11-19,Lee Wong,Blade Repair,5305.82
MAIN-00473,TURB-0020,2021-01-06,Jane Smith,Routine Check,2455.56
MAIN-00474,TURB-0048,2024-06-09,John Doe,Routine Check,1918.77
MAIN-00475,TURB-0041,2023-10-22,Lee Wong,Routine Check,5915.61
MAIN-00476,TURB-0025,2023-10-10,Aisha Khan,Routine Check,6303.18
MAIN-00477,TURB-0049,2020-04-11,Aisha Khan,Blade Repair,4622.44
MAIN-00478,TURB-0006,2023-03-01,Carlos Gomez,Routine Check,8463.01
MAIN-00479,TURB-0050,2024-06-09,Jane Smith,Blade Repair,8107.02
MAIN-00480,TURB-0043,2024-01-21,John Doe,Blade Repair,1688.62
MAIN-00481,TURB-0015,2024-01-25,Lee Wong,Blade Repair,9814.38
MAIN-00482,TURB-0004,2020-01-18,Carlos Gomez,Routine Check,2736.31
MAIN-00483,TURB-0001,2021-03-07,Lee Wong,Generator Inspection,9058.14
MAIN-00484,TURB-0029,2023-02-03,Lee Wong,Routine Check,2973.94
MAIN-00485,TURB-0006,2023-01-29,Jane Smith,Blade Repair,9544.48
MAIN-00486,TURB-0044,2024-07-13,John Doe,Routine Check,2680.48
MAIN-00487,TURB-0047,2023-07-25,Carlos Gomez,Blade Repair,2029.87
MAIN-00488,TURB-0016,2023-04-07,Carlos Gomez,Generator Inspection,7074.21
MAIN-00489,TURB-0038,2023-06-19,Carlos Gomez,Blade Repair,6152.53
MAIN-00490,TURB-0012,2022-06-16,Jane Smith,Gearbox Replacement,7056.78
MAIN-00491,TURB-0002,2024-10-05,John Doe,Gearbox Replacement,6777.16
MAIN-00492,TURB-0014,2021-06-15,John Doe,Blade Repair,1646.74
MAIN-00493,TURB-0023,2024-06-02,John Doe,Routine Check,3870.15
MAIN-00494,TURB-0002,2023-01-02,Jane Smith,Blade Repair,5624.25
MAIN-00495,TURB-0048,2021-07-09,Aisha Khan,Blade Repair,6873.97
MAIN-00496,TURB-0005,2023-10-09,Aisha Khan,Blade Repair,2136.65
MAIN-00497,TURB-0021,2021-07-26,Jane Smith,Gearbox Replacement,2589.26
MAIN-00498,TURB-0031,2024-05-24,Jane Smith,Blade Repair,9631.39
MAIN-00499,TURB-0023,2020-01-13,Aisha Khan,Routine Check,7312.75
MAIN-00500,TURB-0017,2024-06-01,Carlos Gomez,Generator Inspection,9296.11
MAIN-00501,TURB-0020,2020-05-31,Lee Wong,Blade Repair,8793.65
MAIN-00502,TURB-0008,2021-02-02,Aisha Khan,Gearbox Replacement,9660.63
MAIN-00503,TURB-0026,2022-12-02,Carlos Gomez,Routine Check,1343.28
MAIN-00504,TURB-0036,2024-05-08,Aisha Khan,Blade Repair,6259.88
MAIN-00505,TURB-0010,2022-12-20,Carlos Gomez,Gearbox Replacement,7387.33
MAIN-00506,TURB-0037,2023-07-17,Carlos Gomez,Blade Repair,3690.86
MAIN-00507,TURB-0037,2024-05-13,John Doe,Routine Check,8467.51
MAIN-00508,TURB-0028,2020-03-17,Lee Wong,Routine Check,5812.66
MAIN-00509,TURB-0013,2021-04-10,Aisha Khan,Generator Inspection,6754.65
MAIN-00510,TURB-0007,2023-04-18,Lee Wong,Routine Check,7460.17
MAIN-00511,TURB-0030,2020-12-16,Aisha Khan,Gearbox Replacement,2765.77
MAIN-00512,TURB-0036,2021-01-02,Lee Wong,Gearbox Replacement,5555.91
MAIN-00513,TURB-0025,2022-06-27,Jane Smith,Gearbox Replacement,2977.23
MAIN-00514,TURB-0042,2023-01-27,John Doe,Routine Check,4490.03
MAIN-00515,TURB-0043,2023-04-28,Jane Smith,Blade Repair,9026.26
MAIN-00516,TURB-0025,2024-04-19,Aisha Khan,Routine Check,1530.97
MAIN-00517,TURB-0035,2022-11-13,Jane Smith,Gearbox Replacement,1194.82
MAIN-00518,TURB-0045,2022-04-30,John Doe,Routine Check,8283.26
MAIN-00519,TURB-0017,2024-06-29,Aisha Khan,Gearbox Replacement,5318.73
MAIN-00520,TURB-0035,2020-05-19,Jane Smith,Gearbox Replacement,3948.29
MAIN-00521,TURB-0016,2023-10-01,Carlos Gomez,Routine Check,925.34
MAIN-00522,TURB-0019,2022-11-06,Carlos Gomez,Generator Inspection,3716.19
MAIN-00523,TURB-0001,2024-09-09,Aisha Khan,Blade Repair,4079.43
MAIN-00524,TURB-0034,2021-04-03,Jane Smith,Blade Repair,6266.75
MAIN-00525,TURB-0012,2023-01-15,John Doe,Blade Repair,8788.84
MAIN-00526,TURB-0028,2024-11-07,Jane Smith,Generator Inspection,6478.18
MAIN-00527,TURB-0045,2020-10-03,Aisha Khan,Generator Inspection,5423.66
MAIN-00528,TURB-0049,2020-05-14,John Doe,Blade Repair,8365.85
MAIN-00529,TURB-0006,2020-04-08,Aisha Khan,Gearbox Replacement,8281.67
MAIN-00530,TURB-0037,2021-05-18,John Doe,Routine Check,4952.04
MAIN-00531,TURB-0025,2022-08-31,Lee Wong,Blade Repair,9023.79
MAIN-00532,TURB-0046,2024-02-29,Jane Smith,Blade Repair,6955.43
MAIN-00533,TURB-0037,2024-06-16,John Doe,Gearbox Replacement,9144.06
MAIN-00534,TURB-0006,2022-11-01,John Doe,Generator Inspection,8424.34
MAIN-00535,TURB-0007,2021-04-03,John Doe,Gearbox Replacement,8723.16
MAIN-00536,TURB-0050,2022-07-07,Carlos Gomez,Generator Inspection,9031.86
MAIN-00537,TURB-0016,2023-03-13,Jane Smith,Generator Inspection,8482.53
MAIN-00538,TURB-0045,2021-11-05,Jane Smith,Blade Repair,2414.38
MAIN-00539,TURB-0050,2022-01-10,Aisha Khan,Blade Repair,6215.46
MAIN-00540,TURB-0029,2021-12-08,John Doe,Routine Check,4697.9
MAIN-00541,TURB-0007,2021-05-09,Lee Wong,Generator Inspection,6620.95
MAIN-00542,TURB-0040,2022-12-30,Jane Smith,Routine Check,2944.23
MAIN-00543,TURB-0016,2023-06-26,Jane Smith,Blade Repair,4994.42
MAIN-00544,TURB-0026,2022-05-02,Aisha Khan,Gearbox Replacement,5984.45
MAIN-00545,TURB-0016,2022-05-02,Aisha Khan,Blade Repair,5052.3
MAIN-00546,TURB-0043,2023-06-16,Jane Smith,Generator Inspection,1687.68
MAIN-00547,TURB-0018,2021-04-24,Lee Wong,Routine Check,4860.27
MAIN-00548,TURB-0004,2023-06-05,Jane Smith,Routine Check,9850.74
MAIN-00549,TURB-0034,2020-12-31,Aisha Khan,Gearbox Replacement,2618.61
MAIN-00550,TURB-0039,2022-12-02,Jane Smith,Blade Repair,6638.02
MAIN-00551,TURB-0021,2020-10-07,John Doe,Generator Inspection,5483.92
MAIN-00552,TURB-0038,2020-12-04,Lee Wong,Gearbox Replacement,5013.94
MAIN-00553,TURB-0028,2020-09-01,Carlos Gomez,Routine Check,4013.52
MAIN-00554,TURB-0020,2022-05-26,Lee Wong,Gearbox Replacement,9295.48
MAIN-00555,TURB-0047,2020-07-29,John Doe,Blade Repair,1429.42
MAIN-00556,TURB-0040,2021-03-31,Lee Wong,Gearbox Replacement,982.11
MAIN-00557,TURB-0009,2024-04-28,Aisha Khan,Routine Check,8648.35
MAIN-00558,TURB-0043,2021-12-22,Carlos Gomez,Gearbox Replacement,5344.53
MAIN-00559,TURB-0040,2020-08-13,Lee Wong,Blade Repair,4920.07
MAIN-00560,TURB-0038,2023-03-04,Jane Smith,Blade Repair,5058.76
MAIN-00561,TURB-0035,2023-07-12,Aisha Khan,Generator Inspection,8961.24
MAIN-00562,TURB-0024,2021-12-28,Lee Wong,Routine Check,9235.04
MAIN-00563,TURB-0011,2022-03-09,John Doe,Generator Inspection,2286.71
MAIN-00564,TURB-0048,2023-02-12,Aisha Khan,Blade Repair,7419.88
MAIN-00565,TURB-0030,2023-10-28,Aisha Khan,Generator Inspection,7710.59
MAIN-00566,TURB-0011,2024-01-24,Aisha Khan,Routine Check,4506.34
MAIN-00567,TURB-0036,2024-07-20,Jane Smith,Gearbox Replacement,8146.34
MAIN-00568,TURB-0044,2020-03-07,Jane Smith,Blade Repair,5146.31
MAIN-00569,TURB-0016,2021-09-26,Lee Wong,Blade Repair,8263.74
MAIN-00570,TURB-0009,2021-10-16,Carlos Gomez,Generator Inspection,9876.75
MAIN-00571,TURB-0049,2024-11-14,John Doe,Generator Inspection,3445.31
MAIN-00572,TURB-0027,2024-08-24,Lee Wong,Routine Check,4485.96
MAIN-00573,TURB-0040,2023-03-16,Jane Smith,Gearbox Replacement,9893.17
MAIN-00574,TURB-0047,2023-02-18,John Doe,Generator Inspection,6281.06
MAIN-00575,TURB-0027,2022-02-16,Lee Wong,Blade Repair,894.64
MAIN-00576,TURB-0011,2023-12-28,Carlos Gomez,Gearbox Replacement,2432.64
MAIN-00577,TURB-0022,2024-10-13,Lee Wong,Routine Check,5751.11
MAIN-00578,TURB-0026,2022-07-14,Lee Wong,Blade Repair,3074.36
MAIN-00579,TURB-0047,2023-05-28,Aisha Khan,Blade Repair,6976.88
MAIN-00580,TURB-0042,2024-03-10,Aisha Khan,Blade Repair,2437.21
MAIN-00581,TURB-0039,2020-02-22,John Doe,Gearbox Replacement,9202.38
MAIN-00582,TURB-0017,2020-12-10,Lee Wong,Generator Inspection,9104.18
MAIN-00583,TURB-0027,2023-03-31,Carlos Gomez,Generator Inspection,5930.26
MAIN-00584,TURB-0020,2024-07-31,Aisha Khan,Generator Inspection,4376.82
MAIN-00585,TURB-0002,2023-01-17,Aisha Khan,Blade Repair,4993.06
MAIN-00586,TURB-0049,2023-07-01,Aisha Khan,Gearbox Replacement,3786.84
MAIN-00587,TURB-0035,2022-04-14,John Doe,Routine Check,5706.3
MAIN-00588,TURB-0019,2024-04-16,John Doe,Blade Repair,2809.32
MAIN-00589,TURB-0023,2021-01-15,Lee Wong,Blade Repair,1454.15
MAIN-00590,TURB-0025,2021-11-22,Aisha Khan,Gearbox Replacement,6632.3
MAIN-00591,TURB-0018,2024-11-08,Carlos Gomez,Gearbox Replacement,9748.1
MAIN-00592,TURB-0038,2020-08-28,Aisha Khan,Generator Inspection,7306.61
MAIN-00593,TURB-0027,2024-06-29,Carlos Gomez,Blade Repair,4394.46
MAIN-00594,TURB-0048,2021-03-25,John Doe,Blade Repair,5854.06
MAIN-00595,TURB-0042,2022-03-12,Jane Smith,Blade Repair,8677.35
MAIN-00596,TURB-0026,2023-01-26,Lee Wong,Blade Repair,4982.2
MAIN-00597,TURB-0038,2021-04-01,Jane Smith,Gearbox Replacement,9738.65
MAIN-00598,TURB-0017,2020-02-05,Jane Smith,Generator Inspection,2862.26
MAIN-00599,TURB-0005,2022-05-27,Aisha Khan,Generator Inspection,6816.09
MAIN-00600,TURB-0048,2020-09-20,Lee Wong,Generator Inspection,1007.03
MAIN-00601,TURB-0001,2020-12-15,Aisha Khan,Routine Check,1386.95
MAIN-00602,TURB-0004,2024-05-10,Carlos Gomez,Generator Inspection,4960.48
MAIN-00603,TURB-0003,2022-11-20,John Doe,Generator Inspection,4460.79
MAIN-00604,TURB-0042,2020-08-23,Jane Smith,Generator Inspection,2100.1
MAIN-00605,TURB-0036,2023-11-18,Jane Smith,Generator Inspection,9671.31
MAIN-00606,TURB-0041,2023-07-28,John Doe,Gearbox Replacement,6829.94
MAIN-00607,TURB-0010,2022-11-19,Lee Wong,Blade Repair,4917.88
MAIN-00608,TURB-0011,2021-12-20,Aisha Khan,Blade Repair,3225.68
MAIN-00609,TURB-0004,2021-06-17,Carlos Gomez,Gearbox Replacement,8213.5
MAIN-00610,TURB-0006,2023-05-12,Aisha Khan,Blade Repair,8857.91
MAIN-00611,TURB-0019,2024-01-22,Lee Wong,Gearbox Replacement,2196.19
MAIN-00612,TURB-0004,2023-06-06,Aisha Khan,Gearbox Replacement,1651.75
MAIN-00613,TURB-0029,2023-06-20,Carlos Gomez,Generator Inspection,9443.53
MAIN-00614,TURB-0011,2022-09-30,John Doe,Gearbox Replacement,1961.61
MAIN-00615,TURB-0045,2022-12-06,Lee Wong,Gearbox Replacement,1967.2
MAIN-00616,TURB-0004,2023-01-29,Carlos Gomez,Routine Check,3754.12
MAIN-00617,TURB-0047,2023-11-18,Jane Smith,Routine Check,4605.06
MAIN-00618,TURB-0028,2022-03-30,Lee Wong,Gearbox Replacement,2717.55
MAIN-00619,TURB-0016,2021-10-07,Aisha Khan,Routine Check,7641.86
MAIN-00620,TURB-0038,2020-04-01,John Doe,Blade Repair,6903.63
MAIN-00621,TURB-0023,2021-05-24,Aisha Khan,Routine Check,3025.05
MAIN-00622,TURB-0025,2020-08-09,Carlos Gomez,Blade Repair,7629.88
MAIN-00623,TURB-0009,2021-01-24,Aisha Khan,Generator Inspection,8140.52
MAIN-00624,TURB-0015,2024-03-17,John Doe,Gearbox Replacement,568.45
MAIN-00625,TURB-0041,2020-05-13,John Doe,Generator Inspection,6536.9
MAIN-00626,TURB-0029,2021-03-05,Lee Wong,Gearbox Replacement,4425.11
MAIN-00627,TURB-0037,2023-04-13,Lee Wong,Routine Check,7005.03
MAIN-00628,TURB-0038,2020-07-22,Jane Smith,Routine Check,2073.89
MAIN-00629,TURB-0015,2024-09-26,Aisha Khan,Routine Check,3107.68
MAIN-00630,TURB-0025,2020-10-18,John Doe,Routine Check,5861.02
MAIN-00631,TURB-0011,2024-12-10,Lee Wong,Blade Repair,4914.11
MAIN-00632,TURB-0015,2020-06-06,Lee Wong,Routine Check,7903.9
MAIN-00633,TURB-0003,2020-02-04,Jane Smith,Generator Inspection,5237.55
MAIN-00634,TURB-0027,2020-12-12,Lee Wong,Generator Inspection,9438.92
MAIN-00635,TURB-0013,2024-10-25,Aisha Khan,Generator Inspection,8849.25
MAIN-00636,TURB-0027,2022-08-02,Lee Wong,Routine Check,1642.93
MAIN-00637,TURB-0004,2021-08-08,Lee Wong,Generator Inspection,9867.71
MAIN-00638,TURB-0014,2022-10-06,Carlos Gomez,Generator Inspection,6635.8
MAIN-00639,TURB-0002,2022-01-19,John Doe,Gearbox Replacement,6292.62
MAIN-00640,TURB-0029,2023-12-15,John Doe,Gearbox Replacement,4490.13
MAIN-00641,TURB-0015,2021-08-20,Jane Smith,Gearbox Replacement,8908.56
MAIN-00642,TURB-0006,2022-02-03,Aisha Khan,Gearbox Replacement,2845.28
MAIN-00643,TURB-0032,2023-09-07,Lee Wong,Routine Check,9545.35
MAIN-00644,TURB-0026,2024-06-17,Aisha Khan,Generator Inspection,4831.41
MAIN-00645,TURB-0038,2022-08-18,Carlos Gomez,Routine Check,839.95
MAIN-00646,TURB-0020,2024-12-22,Jane Smith,Blade Repair,5870.08
MAIN-00647,TURB-0029,2023-01-23,John Doe,Blade Repair,4579.91
MAIN-00648,TURB-0006,2024-06-07,John Doe,Routine Check,775.47
MAIN-00649,TURB-0038,2021-07-05,John Doe,Blade Repair,1177.03
MAIN-00650,TURB-0041,2021-06-30,John Doe,Gearbox Replacement,1218.1
MAIN-00651,TURB-0005,2022-09-16,Jane Smith,Gearbox Replacement,5411.68
MAIN-00652,TURB-0021,2021-02-11,Jane Smith,Gearbox Replacement,6621.93
MAIN-00653,TURB-0010,2023-04-21,Carlos Gomez,Blade Repair,4743.63
MAIN-00654,TURB-0019,2022-03-12,Carlos Gomez,Blade Repair,6106.55
MAIN-00655,TURB-0032,2023-10-07,Carlos Gomez,Routine Check,2143.96
MAIN-00656,TURB-0040,2022-01-29,John Doe,Blade Repair,4826.18
MAIN-00657,TURB-0002,2022-11-19,Aisha Khan,Blade Repair,4712.82
MAIN-00658,TURB-0049,2023-11-02,Lee Wong,Blade Repair,9981.73
MAIN-00659,TURB-0037,2021-10-08,Jane Smith,Generator Inspection,751.29
MAIN-00660,TURB-0040,2024-09-22,Lee Wong,Gearbox Replacement,5104.93
MAIN-00661,TURB-0020,2023-10-27,Carlos Gomez,Routine Check,6047.24
MAIN-00662,TURB-0013,2023-10-28,Jane Smith,Blade Repair,3313.82
MAIN-00663,TURB-0025,2020-08-28,Lee Wong,Generator Inspection,5445.06
MAIN-00664,TURB-0017,2024-01-26,Aisha Khan,Gearbox Replacement,9792.16
MAIN-00665,TURB-0017,2023-04-12,Jane Smith,Blade Repair,3047.27
MAIN-00666,TURB-0044,2021-01-07,Aisha Khan,Blade Repair,7793.1
MAIN-00667,TURB-0011,2021-04-18,Lee Wong,Blade Repair,7509.0
MAIN-00668,TURB-0009,2024-03-13,Aisha Khan,Blade Repair,8798.89
MAIN-00669,TURB-0013,2021-10-31,Lee Wong,Generator Inspection,7025.49
MAIN-00670,TURB-0042,2020-08-21,John Doe,Gearbox Replacement,1394.61
MAIN-00671,TURB-0008,2023-08-23,John Doe,Routine Check,8094.24
MAIN-00672,TURB-0021,2020-02-22,Aisha Khan,Routine Check,9769.35
MAIN-00673,TURB-0025,2020-08-11,Aisha Khan,Blade Repair,9132.74
MAIN-00674,TURB-0024,2020-05-07,Jane Smith,Blade Repair,9009.81
MAIN-00675,TURB-0032,2023-06-03,Aisha Khan,Gearbox Replacement,3480.65
MAIN-00676,TURB-0030,2021-03-07,Carlos Gomez,Blade Repair,1724.75
MAIN-00677,TURB-0002,2022-11-14,Carlos Gomez,Routine Check,3978.3
MAIN-00678,TURB-0031,2024-10-18,Aisha Khan,Gearbox Replacement,8871.95
MAIN-00679,TURB-0036,2022-01-20,Aisha Khan,Gearbox Replacement,5356.31
MAIN-00680,TURB-0026,2023-05-10,John Doe,Generator Inspection,6895.91
MAIN-00681,TURB-0008,2024-09-01,Aisha Khan,Routine Check,7145.35
MAIN-00682,TURB-0022,2021-05-26,Aisha Khan,Blade Repair,2341.59
MAIN-00683,TURB-0042,2021-07-02,Lee Wong,Generator Inspection,5443.11
MAIN-00684,TURB-0001,2023-02-26,Jane Smith,Generator Inspection,8328.88
MAIN-00685,TURB-0026,2020-03-21,Lee Wong,Blade Repair,9889.6
MAIN-00686,TURB-0010,2023-02-18,Carlos Gomez,Routine Check,1170.35
MAIN-00687,TURB-0042,2023-04-03,Carlos Gomez,Routine Check,1766.41
MAIN-00688,TURB-0032,2021-01-30,Jane Smith,Blade Repair,3499.03
MAIN-00689,TURB-0032,2023-08-04,John Doe,Blade Repair,2247.66
MAIN-00690,TURB-0024,2020-09-05,John Doe,Gearbox Replacement,9764.95
MAIN-00691,TURB-0030,2020-05-23,Carlos Gomez,Gearbox Replacement,6654.12
MAIN-00692,TURB-0029,2022-04-13,Lee Wong,Blade Repair,3908.2
MAIN-00693,TURB-0025,2022-03-11,Carlos Gomez,Gearbox Replacement,2936.12
MAIN-00694,TURB-0046,2023-06-13,Jane Smith,Generator Inspection,2092.93
MAIN-00695,TURB-0048,2024-03-03,Lee Wong,Gearbox Replacement,2074.69
MAIN-00696,TURB-0032,2024-06-30,Carlos Gomez,Generator Inspection,6703.39
MAIN-00697,TURB-0043,2022-01-16,Aisha Khan,Routine Check,8352.49
MAIN-00698,TURB-0033,2023-01-11,John Doe,Generator Inspection,1805.87
MAIN-00699,TURB-0008,2022-01-05,Lee Wong,Routine Check,9084.19
MAIN-00700,TURB-0035,2022-01-12,Jane Smith,Gearbox Replacement,3040.86
MAIN-00701,TURB-0007,2024-02-22,Carlos Gomez,Gearbox Replacement,8297.06
MAIN-00702,TURB-0049,2020-09-25,Aisha Khan,Routine Check,2186.39
MAIN-00703,TURB-0041,2020-07-29,Aisha Khan,Routine Check,2384.21
MAIN-00704,TURB-0034,2020-05-14,Carlos Gomez,Generator Inspection,3969.95
MAIN-00705,TURB-0034,2024-06-21,Aisha Khan,Generator Inspection,4411.15
MAIN-00706,TURB-0015,2024-09-26,Lee Wong,Gearbox Replacement,8034.81
MAIN-00707,TURB-0036,2021-03-22,Lee Wong,Blade Repair,3070.5
MAIN-00708,TURB-0027,2020-11-12,John Doe,Gearbox Replacement,5294.9
MAIN-00709,TURB-0049,2021-12-03,Aisha Khan,Blade Repair,9115.07
MAIN-00710,TURB-0027,2020-11-03,Carlos Gomez,Blade Repair,1171.94
MAIN-00711,TURB-0031,2022-08-16,Carlos Gomez,Generator Inspection,3284.44
MAIN-00712,TURB-0034,2023-06-04,Aisha Khan,Generator Inspection,1988.12
MAIN-00713,TURB-0009,2020-10-11,Carlos Gomez,Routine Check,4646.5
MAIN-00714,TURB-0015,2022-02-15,Aisha Khan,Generator Inspection,8383.99
MAIN-00715,TURB-0025,2022-06-24,Carlos Gomez,Gearbox Replacement,1111.97
MAIN-00716,TURB-0022,2021-08-24,Aisha Khan,Routine Check,6000.06
MAIN-00717,TURB-0034,2021-08-22,Lee Wong,Gearbox Replacement,6741.21
MAIN-00718,TURB-0002,2021-12-29,John Doe,Blade Repair,3288.76
MAIN-00719,TURB-0030,2020-05-30,Lee Wong,Blade Repair,9343.12
MAIN-00720,TURB-0005,2021-08-14,Jane Smith,Gearbox Replacement,8988.31
MAIN-00721,TURB-0025,2022-04-08,Jane Smith,Gearbox Replacement,8670.68
MAIN-00722,TURB-0001,2022-07-01,Lee Wong,Routine Check,3890.77
MAIN-00723,TURB-0039,2020-07-15,Lee Wong,Blade Repair,1657.56
MAIN-00724,TURB-0003,2021-06-16,Aisha Khan,Routine Check,3233.01
MAIN-00725,TURB-0007,2022-12-16,Lee Wong,Blade Repair,7542.5
MAIN-00726,TURB-0001,2020-01-09,Lee Wong,Routine Check,5892.92
MAIN-00727,TURB-0006,2022-01-28,Jane Smith,Routine Check,8473.46
MAIN-00728,TURB-0045,2023-02-22,Aisha Khan,Routine Check,9312.85
MAIN-00729,TURB-0039,2023-10-01,Carlos Gomez,Gearbox Replacement,8436.46
MAIN-00730,TURB-0022,2023-06-04,John Doe,Generator Inspection,9986.74
MAIN-00731,TURB-0027,2020-03-05,John Doe,Routine Check,4314.3
MAIN-00732,TURB-0042,2022-10-05,John Doe,Generator Inspection,1371.59
MAIN-00733,TURB-0023,2024-07-16,John Doe,Gearbox Replacement,3359.15
MAIN-00734,TURB-0036,2024-04-21,Carlos Gomez,Routine Check,1290.32
MAIN-00735,TURB-0036,2021-07-30,Lee Wong,Generator Inspection,4217.08
MAIN-00736,TURB-0007,2020-03-16,Jane Smith,Blade Repair,7360.21
MAIN-00737,TURB-0019,2024-04-11,Carlos Gomez,Routine Check,9780.78
MAIN-00738,TURB-0024,2022-07-23,Carlos Gomez,Routine Check,4586.43
MAIN-00739,TURB-0001,2024-05-27,Lee Wong,Generator Inspection,7363.62
MAIN-00740,TURB-0011,2022-10-04,Carlos Gomez,Gearbox Replacement,1102.84
MAIN-00741,TURB-0008,2024-05-25,Jane Smith,Generator Inspection,3665.41
MAIN-00742,TURB-0049,2023-07-17,Jane Smith,Generator Inspection,1109.18
MAIN-00743,TURB-0010,2021-02-01,Lee Wong,Gearbox Replacement,5033.0
MAIN-00744,TURB-0029,2023-01-24,John Doe,Routine Check,7574.72
MAIN-00745,TURB-0025,2020-10-13,Lee Wong,Gearbox Replacement,2592.8
MAIN-00746,TURB-0020,2021-11-27,Jane Smith,Generator Inspection,3466.02
MAIN-00747,TURB-0030,2020-09-09,Jane Smith,Gearbox Replacement,4253.44
MAIN-00748,TURB-0018,2022-11-11,Jane Smith,Generator Inspection,4292.0
MAIN-00749,TURB-0039,2023-04-04,Carlos Gomez,Blade Repair,5836.4
MAIN-00750,TURB-0034,2024-10-01,John Doe,Generator Inspection,9441.46
MAIN-00751,TURB-0041,2024-05-12,Lee Wong,Generator Inspection,2193.17
MAIN-00752,TURB-0004,2022-07-10,Carlos Gomez,Gearbox Replacement,5443.71
MAIN-00753,TURB-0019,2021-05-26,John Doe,Blade Repair,9548.91
MAIN-00754,TURB-0038,2021-01-23,Jane Smith,Blade Repair,8503.67
MAIN-00755,TURB-0038,2024-03-19,John Doe,Gearbox Replacement,5079.34
MAIN-00756,TURB-0033,2023-05-22,Jane Smith,Blade Repair,3385.43
MAIN-00757,TURB-0032,2024-08-31,Lee Wong,Generator Inspection,7136.18
MAIN-00758,TURB-0045,2021-06-04,Carlos Gomez,Generator Inspection,3661.23
MAIN-00759,TURB-0006,2024-02-03,Aisha Khan,Blade Repair,8730.21
MAIN-00760,TURB-0035,2020-10-22,Aisha Khan,Gearbox Replacement,3802.37
MAIN-00761,TURB-0044,2022-05-18,Aisha Khan,Gearbox Replacement,1045.83
MAIN-00762,TURB-0004,2023-10-11,Jane Smith,Gearbox Replacement,2604.6
MAIN-00763,TURB-0044,2021-09-01,Lee Wong,Blade Repair,3853.19
MAIN-00764,TURB-0007,2023-12-31,Jane Smith,Routine Check,4426.54
MAIN-00765,TURB-0033,2024-03-14,John Doe,Gearbox Replacement,5913.06
MAIN-00766,TURB-0046,2023-03-12,Carlos Gomez,Generator Inspection,1342.38
MAIN-00767,TURB-0026,2024-06-21,Carlos Gomez,Gearbox Replacement,1690.26
MAIN-00768,TURB-0034,2023-07-28,John Doe,Routine Check,8472.85
MAIN-00769,TURB-0001,2020-08-03,John Doe,Routine Check,6661.57
MAIN-00770,TURB-0042,2023-09-13,Jane Smith,Routine Check,7955.22
MAIN-00771,TURB-0028,2021-12-12,Lee Wong,Routine Check,6308.75
MAIN-00772,TURB-0049,2020-10-08,John Doe,Blade Repair,2394.38
MAIN-00773,TURB-0033,2022-04-13,Carlos Gomez,Gearbox Replacement,5939.26
MAIN-00774,TURB-0001,2024-03-08,Carlos Gomez,Blade Repair,6709.9
MAIN-00775,TURB-0005,2023-01-10,Carlos Gomez,Gearbox Replacement,9330.21
MAIN-00776,TURB-0012,2020-04-13,Aisha Khan,Blade Repair,1076.88
MAIN-00777,TURB-0042,2022-06-04,Jane Smith,Blade Repair,1675.22
MAIN-00778,TURB-0005,2023-01-05,Lee Wong,Gearbox Replacement,9147.12
MAIN-00779,TURB-0004,2024-09-16,Jane Smith,Gearbox Replacement,5798.18
MAIN-00780,TURB-0012,2023-10-25,Carlos Gomez,Routine Check,2579.27
MAIN-00781,TURB-0046,2020-06-15,John Doe,Blade Repair,6708.13
MAIN-00782,TURB-0017,2021-07-02,Lee Wong,Routine Check,5181.51
MAIN-00783,TURB-0042,2021-06-30,John Doe,Blade Repair,4286.93
MAIN-00784,TURB-0039,2021-04-18,Lee Wong,Generator Inspection,2444.78
MAIN-00785,TURB-0042,2023-06-02,Jane Smith,Gearbox Replacement,5663.98
MAIN-00786,TURB-0001,2021-12-17,Jane Smith,Routine Check,648.52
MAIN-00787,TURB-0004,2020-03-18,Lee Wong,Generator Inspection,6179.45
MAIN-00788,TURB-0014,2021-04-30,Carlos Gomez,Gearbox Replacement,2457.89
MAIN-00789,TURB-0049,2024-08-21,John Doe,Routine Check,7091.23
MAIN-00790,TURB-0045,2020-04-22,Lee Wong,Blade Repair,2925.08
MAIN-00791,TURB-0046,2021-07-23,Jane Smith,Generator Inspection,3984.94
MAIN-00792,TURB-0030,2020-08-06,Lee Wong,Generator Inspection,1094.95
MAIN-00793,TURB-0027,2022-05-17,Jane Smith,Routine Check,5879.52
MAIN-00794,TURB-0048,2022-12-28,Jane Smith,Routine Check,6999.52
MAIN-00795,TURB-0029,2024-07-25,Lee Wong,Generator Inspection,7176.72
MAIN-00796,TURB-0007,2023-08-07,Jane Smith,Gearbox Replacement,5744.02
MAIN-00797,TURB-0024,2020-12-23,John Doe,Routine Check,3750.89
MAIN-00798,TURB-0008,2021-06-30,Aisha Khan,Routine Check,6377.76
MAIN-00799,TURB-0016,2024-08-18,Jane Smith,Generator Inspection,7615.91
MAIN-00800,TURB-0032,2020-01-23,Carlos Gomez,Blade Repair,3511.08
MAIN-00801,TURB-0013,2021-09-28,John Doe,Generator Inspection,6348.78
MAIN-00802,TURB-0023,2021-10-22,John Doe,Generator Inspection,9264.58
MAIN-00803,TURB-0035,2023-05-13,Carlos Gomez,Blade Repair,2026.88
MAIN-00804,TURB-0040,2023-10-21,Jane Smith,Blade Repair,7857.49
MAIN-00805,TURB-0048,2020-08-11,John Doe,Gearbox Replacement,5689.19
MAIN-00806,TURB-0009,2020-05-18,Carlos Gomez,Generator Inspection,2191.4
MAIN-00807,TURB-0043,2023-12-21,Jane Smith,Generator Inspection,1595.66
MAIN-00808,TURB-0047,2024-07-19,Carlos Gomez,Routine Check,2552.57
MAIN-00809,TURB-0001,2021-12-20,Jane Smith,Routine Check,901.15
MAIN-00810,TURB-0031,2023-05-02,Jane Smith,Routine Check,9845.24
MAIN-00811,TURB-0039,2020-06-06,Lee Wong,Generator Inspection,7297.15
MAIN-00812,TURB-0003,2024-11-11,Lee Wong,Generator Inspection,1262.41
MAIN-00813,TURB-0004,2023-02-07,Jane Smith,Gearbox Replacement,7440.68
MAIN-00814,TURB-0011,2024-02-11,John Doe,Blade Repair,4516.55
MAIN-00815,TURB-0010,2024-11-18,John Doe,Gearbox Replacement,9618.56
MAIN-00816,TURB-0014,2020-01-25,Aisha Khan,Routine Check,6498.85
MAIN-00817,TURB-0043,2023-05-05,John Doe,Gearbox Replacement,4187.64
MAIN-00818,TURB-0019,2024-01-06,Carlos Gomez,Gearbox Replacement,513.2
MAIN-00819,TURB-0042,2024-11-24,Aisha Khan,Blade Repair,2881.16
MAIN-00820,TURB-0029,2022-08-18,Lee Wong,Generator Inspection,8297.27
MAIN-00821,TURB-0040,2024-12-11,John Doe,Routine Check,3068.68
MAIN-00822,TURB-0036,2020-07-25,Jane Smith,Generator Inspection,8389.07
MAIN-00823,TURB-0042,2021-05-06,Lee Wong,Gearbox Replacement,3841.12
MAIN-00824,TURB-0002,2020-07-03,John Doe,Gearbox Replacement,2000.94
MAIN-00825,TURB-0012,2022-09-12,Carlos Gomez,Gearbox Replacement,2058.92
MAIN-00826,TURB-0005,2020-01-22,Carlos Gomez,Routine Check,952.19
MAIN-00827,TURB-0030,2021-12-13,Jane Smith,Blade Repair,8417.78
MAIN-00828,TURB-0037,2024-12-22,Carlos Gomez,Routine Check,8353.02
MAIN-00829,TURB-0041,2024-05-14,John Doe,Routine Check,6145.84
MAIN-00830,TURB-0017,2021-06-07,Lee Wong,Generator Inspection,2077.08
MAIN-00831,TURB-0036,2024-02-26,Carlos Gomez,Generator Inspection,2612.92
MAIN-00832,TURB-0019,2020-11-15,John Doe,Generator Inspection,3709.5
MAIN-00833,TURB-0047,2022-05-23,Aisha Khan,Routine Check,8714.26
MAIN-00834,TURB-0040,2024-03-31,Aisha Khan,Gearbox Replacement,5057.73
MAIN-00835,TURB-0039,2022-12-14,John Doe,Generator Inspection,9042.31
MAIN-00836,TURB-0041,2022-05-17,Carlos Gomez,Blade Repair,8948.21
MAIN-00837,TURB-0040,2023-12-15,Aisha Khan,Gearbox Replacement,9826.41
MAIN-00838,TURB-0020,2020-05-24,Aisha Khan,Routine Check,2721.28
MAIN-00839,TURB-0032,2022-02-18,Carlos Gomez,Routine Check,9871.63
MAIN-00840,TURB-0038,2024-07-21,Carlos Gomez,Gearbox Replacement,6863.65
MAIN-00841,TURB-0013,2022-06-08,Aisha Khan,Gearbox Replacement,9528.03
MAIN-00842,TURB-0048,2023-08-09,Aisha Khan,Routine Check,7012.24
MAIN-00843,TURB-0036,2020-08-02,John Doe,Routine Check,4616.44
MAIN-00844,TURB-0016,2022-07-26,Jane Smith,Generator Inspection,7034.65
MAIN-00845,TURB-0038,2024-12-30,John Doe,Gearbox Replacement,6741.67
MAIN-00846,TURB-0039,2022-11-19,Lee Wong,Routine Check,6790.02
MAIN-00847,TURB-0008,2020-10-18,Jane Smith,Gearbox Replacement,6982.07
MAIN-00848,TURB-0034,2021-12-26,John Doe,Blade Repair,1291.59
MAIN-00849,TURB-0021,2023-05-08,Aisha Khan,Blade Repair,6520.37
MAIN-00850,TURB-0006,2024-02-25,John Doe,Generator Inspection,871.24
MAIN-00851,TURB-0003,2023-09-23,John Doe,Blade Repair,9565.34
MAIN-00852,TURB-0016,2023-03-25,Lee Wong,Routine Check,9257.22
MAIN-00853,TURB-0045,2024-10-17,John Doe,Routine Check,4441.64
MAIN-00854,TURB-0047,2022-08-18,Aisha Khan,Generator Inspection,3252.67
MAIN-00855,TURB-0040,2023-07-08,Lee Wong,Generator Inspection,3179.83
MAIN-00856,TURB-0042,2022-07-24,Aisha Khan,Gearbox Replacement,7215.6
MAIN-00857,TURB-0010,2020-09-24,Jane Smith,Routine Check,9155.9
MAIN-00858,TURB-0047,2024-08-23,Aisha Khan,Blade Repair,2686.89
MAIN-00859,TURB-0023,2024-05-29,Carlos Gomez,Blade Repair,3265.58
MAIN-00860,TURB-0011,2024-11-26,Aisha Khan,Gearbox Replacement,6894.0
MAIN-00861,TURB-0047,2023-01-17,Aisha Khan,Routine Check,1664.53
MAIN-00862,TURB-0003,2021-02-11,Carlos Gomez,Generator Inspection,5436.44
MAIN-00863,TURB-0023,2022-03-06,John Doe,Gearbox Replacement,5341.27
MAIN-00864,TURB-0009,2023-08-19,John Doe,Blade Repair,2380.35
MAIN-00865,TURB-0039,2021-10-02,Carlos Gomez,Generator Inspection,5342.04
MAIN-00866,TURB-0041,2021-04-25,John Doe,Routine Check,9210.77
MAIN-00867,TURB-0006,2024-07-04,Lee Wong,Gearbox Replacement,6487.83
MAIN-00868,TURB-0010,2023-08-28,Lee Wong,Blade Repair,9834.66
MAIN-00869,TURB-0041,2023-08-26,Lee Wong,Routine Check,2640.59
MAIN-00870,TURB-0021,2022-08-13,Carlos Gomez,Generator Inspection,4833.94
MAIN-00871,TURB-0035,2024-01-17,Carlos Gomez,Gearbox Replacement,2083.49
MAIN-00872,TURB-0013,2021-09-15,John Doe,Gearbox Replacement,4956.84
MAIN-00873,TURB-0041,2020-07-28,Jane Smith,Blade Repair,8669.52
MAIN-00874,TURB-0016,2023-06-23,John Doe,Routine Check,7210.47
MAIN-00875,TURB-0020,2020-08-24,John Doe,Routine Check,7613.38
MAIN-00876,TURB-0027,2024-06-02,Aisha Khan,Gearbox Replacement,785.95
MAIN-00877,TURB-0048,2020-07-22,Lee Wong,Gearbox Replacement,4372.08
MAIN-00878,TURB-0021,2020-04-04,Jane Smith,Blade Repair,2445.57
MAIN-00879,TURB-0005,2022-03-02,Aisha Khan,Generator Inspection,8391.26
MAIN-00880,TURB-0002,2024-09-05,John Doe,Routine Check,4869.07
MAIN-00881,TURB-0027,2024-06-28,Jane Smith,Routine Check,3478.1
MAIN-00882,TURB-0044,2024-12-23,Carlos Gomez,Blade Repair,6908.67
MAIN-00883,TURB-0011,2021-01-07,Carlos Gomez,Generator Inspection,5717.25
MAIN-00884,TURB-0029,2024-09-10,Jane Smith,Gearbox Replacement,7503.83
MAIN-00885,TURB-0019,2020-07-27,John Doe,Gearbox Replacement,3862.26
MAIN-00886,TURB-0021,2024-08-25,Aisha Khan,Gearbox Replacement,6427.12
MAIN-00887,TURB-0036,2022-10-13,John Doe,Routine Check,5070.54
MAIN-00888,TURB-0039,2022-01-08,Lee Wong,Routine Check,8020.48
MAIN-00889,TURB-0038,2024-08-16,John Doe,Blade Repair,2099.35
MAIN-00890,TURB-0027,2023-06-16,Lee Wong,Blade Repair,9704.34
MAIN-00891,TURB-0009,2021-04-09,Lee Wong,Blade Repair,1100.46
MAIN-00892,TURB-0019,2021-08-26,Carlos Gomez,Blade Repair,9548.97
MAIN-00893,TURB-0025,2020-01-23,Aisha Khan,Blade Repair,2344.65
MAIN-00894,TURB-0006,2021-01-31,Aisha Khan,Gearbox Replacement,9036.48
MAIN-00895,TURB-0024,2024-10-26,John Doe,Generator Inspection,9672.4
MAIN-00896,TURB-0003,2021-01-11,Jane Smith,Gearbox Replacement,1390.24
MAIN-00897,TURB-0022,2023-11-07,John Doe,Generator Inspection,889.88
MAIN-00898,TURB-0044,2024-05-19,John Doe,Gearbox Replacement,5062.98
MAIN-00899,TURB-0022,2022-02-07,Aisha Khan,Gearbox Replacement,2665.61
MAIN-00900,TURB-0048,2022-02-12,John Doe,Routine Check,2144.15
MAIN-00901,TURB-0042,2024-07-20,Jane Smith,Routine Check,8919.14
MAIN-00902,TURB-0010,2020-09-27,John Doe,Gearbox Replacement,9285.89
MAIN-00903,TURB-0042,2020-09-12,Carlos Gomez,Generator Inspection,2424.5
MAIN-00904,TURB-0045,2024-05-01,Carlos Gomez,Blade Repair,1454.6
MAIN-00905,TURB-0040,2021-07-12,Aisha Khan,Blade Repair,5914.73
MAIN-00906,TURB-0034,2024-05-03,Jane Smith,Routine Check,7601.22
MAIN-00907,TURB-0044,2024-03-23,Lee Wong,Gearbox Replacement,8049.84
MAIN-00908,TURB-0042,2021-07-15,Jane Smith,Blade Repair,9146.83
MAIN-00909,TURB-0006,2021-04-07,Jane Smith,Blade Repair,2822.23
MAIN-00910,TURB-0030,2023-08-31,Lee Wong,Blade Repair,7977.06
MAIN-00911,TURB-0028,2022-01-01,Lee Wong,Blade Repair,3299.41
MAIN-00912,TURB-0009,2021-04-21,Lee Wong,Blade Repair,2024.52
MAIN-00913,TURB-0011,2021-06-17,Lee Wong,Gearbox Replacement,9179.12
MAIN-00914,TURB-0024,2020-03-17,John Doe,Routine Check,3205.08
MAIN-00915,TURB-0006,2021-04-29,Aisha Khan,Routine Check,7614.96
MAIN-00916,TURB-0040,2023-08-14,Carlos Gomez,Routine Check,582.79
MAIN-00917,TURB-0050,2021-07-20,Carlos Gomez,Routine Check,6742.8
MAIN-00918,TURB-0029,2023-06-08,Aisha Khan,Gearbox Replacement,2427.67
MAIN-00919,TURB-0047,2022-06-11,Aisha Khan,Generator Inspection,5398.63
MAIN-00920,TURB-0016,2022-02-28,John Doe,Routine Check,2285.61
MAIN-00921,TURB-0039,2022-06-21,Carlos Gomez,Generator Inspection,7143.69
MAIN-00922,TURB-0036,2023-12-15,Aisha Khan,Blade Repair,8730.84
MAIN-00923,TURB-0030,2022-09-10,John Doe,Routine Check,4008.87
MAIN-00924,TURB-0001,2022-06-18,Aisha Khan,Gearbox Replacement,8795.76
MAIN-00925,TURB-0042,2024-09-22,John Doe,Blade Repair,920.57
MAIN-00926,TURB-0006,2020-01-30,Jane Smith,Gearbox Replacement,3625.8
MAIN-00927,TURB-0008,2024-06-02,Aisha Khan,Blade Repair,4452.03
MAIN-00928,TURB-0044,2023-03-25,Carlos Gomez,Routine Check,811.92
MAIN-00929,TURB-0023,2024-02-18,Carlos Gomez,Generator Inspection,3002.16
MAIN-00930,TURB-0003,2024-06-18,Carlos Gomez,Routine Check,7365.88
MAIN-00931,TURB-0015,2024-06-23,Aisha Khan,Generator Inspection,838.55
MAIN-00932,TURB-0016,2020-04-23,Carlos Gomez,Gearbox Replacement,2957.21
MAIN-00933,TURB-0047,2022-12-06,Aisha Khan,Generator Inspection,2724.98
MAIN-00934,TURB-0043,2020-09-15,Aisha Khan,Blade Repair,2043.3
MAIN-00935,TURB-0012,2022-05-09,Lee Wong,Routine Check,2946.02
MAIN-00936,TURB-0023,2021-03-30,John Doe,Generator Inspection,4885.94
MAIN-00937,TURB-0041,2024-10-08,Jane Smith,Generator Inspection,5242.04
MAIN-00938,TURB-0042,2020-11-11,John Doe,Generator Inspection,7228.27
MAIN-00939,TURB-0046,2023-12-25,Lee Wong,Generator Inspection,9250.6
MAIN-00940,TURB-0039,2022-06-03,Lee Wong,Routine Check,7255.01
MAIN-00941,TURB-0021,2023-03-06,Carlos Gomez,Routine Check,9182.5
MAIN-00942,TURB-0023,2024-01-15,John Doe,Generator Inspection,1717.02
MAIN-00943,TURB-0018,2021-10-27,John Doe,Generator Inspection,9140.9
MAIN-00944,TURB-0046,2022-12-26,Lee Wong,Generator Inspection,1450.93
MAIN-00945,TURB-0028,2021-09-08,Carlos Gomez,Gearbox Replacement,3112.77
MAIN-00946,TURB-0005,2024-05-10,Lee Wong,Blade Repair,6742.15
MAIN-00947,TURB-0023,2021-03-14,John Doe,Blade Repair,4119.34
MAIN-00948,TURB-0016,2024-10-30,Lee Wong,Blade Repair,1897.97
MAIN-00949,TURB-0030,2021-06-06,Lee Wong,Gearbox Replacement,641.96
MAIN-00950,TURB-0012,2023-05-04,Lee Wong,Generator Inspection,3164.6
MAIN-00951,TURB-0023,2023-02-24,John Doe,Routine Check,5945.55
MAIN-00952,TURB-0020,2021-06-11,Lee Wong,Blade Repair,8847.91
MAIN-00953,TURB-0042,2024-12-15,Jane Smith,Gearbox Replacement,9718.16
MAIN-00954,TURB-0050,2020-05-16,Carlos Gomez,Routine Check,8856.49
MAIN-00955,TURB-0042,2024-12-18,Lee Wong,Blade Repair,9767.25
MAIN-00956,TURB-0036,2022-05-31,Aisha Khan,Gearbox Replacement,9082.44
MAIN-00957,TURB-0008,2023-06-20,Jane Smith,Gearbox Replacement,1645.65
MAIN-00958,TURB-0003,2020-07-09,John Doe,Generator Inspection,8573.97
MAIN-00959,TURB-0005,2024-05-03,Aisha Khan,Routine Check,9274.43
MAIN-00960,TURB-0031,2021-06-05,Carlos Gomez,Blade Repair,597.51
MAIN-00961,TURB-0007,2023-02-03,Lee Wong,Generator Inspection,9247.8
MAIN-00962,TURB-0013,2024-01-29,Jane Smith,Blade Repair,2420.55
MAIN-00963,TURB-0023,2024-12-26,Lee Wong,Gearbox Replacement,2382.4
MAIN-00964,TURB-0046,2024-06-12,Lee Wong,Blade Repair,5108.11
MAIN-00965,TURB-0005,2024-05-27,Lee Wong,Gearbox Replacement,3253.06
MAIN-00966,TURB-0032,2021-01-22,Aisha Khan,Gearbox Replacement,2514.19
MAIN-00967,TURB-0007,2021-01-03,Jane Smith,Generator Inspection,9732.88
MAIN-00968,TURB-0038,2023-03-28,Lee Wong,Routine Check,6553.46
MAIN-00969,TURB-0025,2022-08-17,John Doe,Generator Inspection,9694.02
MAIN-00970,TURB-0025,2024-06-14,Aisha Khan,Generator Inspection,8363.91
MAIN-00971,TURB-0037,2021-08-21,Lee Wong,Gearbox Replacement,1475.6
MAIN-00972,TURB-0004,2022-02-12,John Doe,Generator Inspection,5300.67
MAIN-00973,TURB-0040,2023-06-29,Aisha Khan,Routine Check,5918.23
MAIN-00974,TURB-0048,2024-04-26,Carlos Gomez,Generator Inspection,550.35
MAIN-00975,TURB-0043,2022-02-01,Jane Smith,Generator Inspection,3626.94
MAIN-00976,TURB-0018,2022-09-29,Lee Wong,Gearbox Replacement,8485.48
MAIN-00977,TURB-0038,2024-01-13,John Doe,Routine Check,2991.7
MAIN-00978,TURB-0007,2022-06-19,John Doe,Generator Inspection,8096.59
MAIN-00979,TURB-0039,2024-02-04,Carlos Gomez,Generator Inspection,7936.82
MAIN-00980,TURB-0027,2023-01-04,Lee Wong,Generator Inspection,7896.2
MAIN-00981,TURB-0027,2021-06-16,Carlos Gomez,Routine Check,5530.85
MAIN-00982,TURB-0023,2024-04-12,Carlos Gomez,Routine Check,7970.5
MAIN-00983,TURB-0032,2023-11-03,Carlos Gomez,Generator Inspection,4673.55
MAIN-00984,TURB-0044,2020-02-19,John Doe,Blade Repair,9095.99
MAIN-00985,TURB-0034,2021-03-21,Jane Smith,Generator Inspection,6562.64
MAIN-00986,TURB-0011,2024-06-16,Aisha Khan,Generator Inspection,3968.14
MAIN-00987,TURB-0020,2022-09-03,Aisha Khan,Generator Inspection,3330.3
MAIN-00988,TURB-0020,2020-04-11,John Doe,Gearbox Replacement,6728.84
MAIN-00989,TURB-0036,2024-04-16,Aisha Khan,Routine Check,4491.14
MAIN-00990,TURB-0009,2024-03-16,Jane Smith,Generator Inspection,3920.62
MAIN-00991,TURB-0003,2024-04-30,Lee Wong,Routine Check,5348.3
MAIN-00992,TURB-0009,2022-05-21,Aisha Khan,Routine Check,4451.92
MAIN-00993,TURB-0040,2024-06-21,Lee Wong,Routine Check,4617.47
MAIN-00994,TURB-0037,2021-12-11,John Doe,Generator Inspection,6613.78
MAIN-00995,TURB-0015,2024-06-22,Carlos Gomez,Gearbox Replacement,9713.34
MAIN-00996,TURB-0038,2022-12-03,Carlos Gomez,Routine Check,871.92
MAIN-00997,TURB-0036,2024-04-05,Lee Wong,Routine Check,6866.38
MAIN-00998,TURB-0042,2022-05-11,Carlos Gomez,Gearbox Replacement,1175.2
MAIN-00999,TURB-0005,2024-08-13,Carlos Gomez,Routine Check,874.42
