incident_id,site_id,incident_date,incident_type,injuries_reported,downtime_hours
INC-00000,SITE-036,2023-09-18,Minor Injury,0,94.44
INC-00001,SITE-019,2023-02-15,Major Injury,4,16.67
INC-00002,SITE-008,2020-06-30,Major Injury,3,51.21
INC-00003,SITE-046,2022-10-14,Major Injury,3,17.61
INC-00004,SITE-034,2021-11-30,Minor Injury,0,93.92
INC-00005,SITE-010,2020-10-11,Major Injury,4,66.76
INC-00006,SITE-027,2022-09-28,Major Injury,0,59.32
INC-00007,SITE-042,2023-03-10,Minor Injury,3,23.41
INC-00008,SITE-009,2021-01-30,Major Injury,5,82.88
INC-00009,SITE-001,2022-09-25,Fatal Accident,4,57.26
INC-00010,SITE-036,2021-04-27,Fatal Accident,1,18.74
INC-00011,SITE-029,2021-02-28,Fatal Accident,4,13.78
INC-00012,SITE-043,2021-09-19,Fatal Accident,3,23.91
INC-00013,SITE-045,2021-03-08,Fatal Accident,4,95.29
INC-00014,SITE-029,2020-07-31,Fatal Accident,1,27.2
INC-00015,SITE-013,2023-03-24,Minor Injury,5,90.81
INC-00016,SITE-025,2022-07-04,Minor Injury,5,98.53
INC-00017,SITE-016,2023-02-13,Major Injury,4,30.22
INC-00018,SITE-012,2020-08-29,Near Miss,0,94.67
INC-00019,SITE-024,2021-08-04,Minor Injury,2,90.88
INC-00020,SITE-007,2023-09-29,Minor Injury,4,91.14
INC-00021,SITE-008,2023-10-01,Fatal Accident,3,22.3
INC-00022,SITE-009,2022-01-02,Major Injury,5,93.62
INC-00023,SITE-002,2024-04-07,Minor Injury,4,45.98
INC-00024,SITE-043,2023-06-03,Major Injury,0,14.57
INC-00025,SITE-037,2020-10-15,Minor Injury,0,54.97
INC-00026,SITE-009,2022-12-31,Near Miss,0,70.44
INC-00027,SITE-045,2024-02-17,Major Injury,5,2.15
INC-00028,SITE-032,2022-10-21,Near Miss,4,87.13
INC-00029,SITE-029,2022-06-27,Near Miss,3,83.79
INC-00030,SITE-015,2022-05-04,Minor Injury,1,72.77
INC-00031,SITE-019,2024-11-11,Fatal Accident,3,18.32
INC-00032,SITE-028,2021-01-20,Minor Injury,1,51.74
INC-00033,SITE-014,2022-02-25,Fatal Accident,0,59.92
INC-00034,SITE-002,2020-01-04,Minor Injury,1,10.4
INC-00035,SITE-013,2024-05-13,Fatal Accident,1,47.89
INC-00036,SITE-002,2020-09-06,Minor Injury,3,84.03
INC-00037,SITE-011,2023-10-21,Major Injury,1,16.21
INC-00038,SITE-048,2023-03-08,Fatal Accident,2,91.37
INC-00039,SITE-010,2023-11-25,Near Miss,5,12.18
INC-00040,SITE-015,2022-09-11,Near Miss,3,2.59
INC-00041,SITE-038,2021-05-29,Major Injury,3,98.18
INC-00042,SITE-027,2020-09-20,Minor Injury,3,8.03
INC-00043,SITE-011,2020-06-23,Major Injury,4,32.0
INC-00044,SITE-019,2023-12-15,Major Injury,5,79.39
INC-00045,SITE-010,2021-12-23,Minor Injury,4,75.64
INC-00046,SITE-035,2021-06-13,Near Miss,1,89.66
INC-00047,SITE-003,2024-11-24,Minor Injury,4,92.89
INC-00048,SITE-019,2024-09-11,Major Injury,1,76.89
INC-00049,SITE-008,2024-08-06,Near Miss,4,59.08
INC-00050,SITE-018,2021-01-07,Major Injury,3,45.96
INC-00051,SITE-001,2021-11-28,Major Injury,2,44.21
INC-00052,SITE-005,2022-04-09,Fatal Accident,0,6.63
INC-00053,SITE-036,2020-11-11,Minor Injury,1,5.29
INC-00054,SITE-042,2020-12-29,Minor Injury,5,9.69
INC-00055,SITE-007,2021-09-21,Minor Injury,5,18.16
INC-00056,SITE-014,2024-03-07,Major Injury,5,26.75
INC-00057,SITE-003,2020-03-21,Minor Injury,5,21.91
INC-00058,SITE-041,2024-10-01,Minor Injury,1,49.01
INC-00059,SITE-036,2022-10-12,Fatal Accident,3,15.51
INC-00060,SITE-005,2022-07-28,Near Miss,5,84.37
INC-00061,SITE-041,2020-01-10,Near Miss,1,16.6
INC-00062,SITE-038,2020-06-10,Major Injury,0,67.97
INC-00063,SITE-023,2023-08-31,Fatal Accident,3,63.93
INC-00064,SITE-033,2021-04-28,Fatal Accident,2,90.94
INC-00065,SITE-018,2022-05-14,Minor Injury,1,42.11
INC-00066,SITE-013,2020-10-08,Fatal Accident,0,71.34
INC-00067,SITE-016,2023-04-14,Fatal Accident,0,5.74
INC-00068,SITE-015,2022-06-27,Major Injury,4,71.03
INC-00069,SITE-013,2022-03-04,Fatal Accident,1,41.24
INC-00070,SITE-043,2024-07-15,Minor Injury,3,85.71
INC-00071,SITE-007,2024-02-24,Fatal Accident,0,43.71
INC-00072,SITE-007,2023-08-25,Near Miss,2,21.87
INC-00073,SITE-013,2022-03-11,Minor Injury,5,47.54
INC-00074,SITE-033,2024-10-15,Minor Injury,1,55.52
INC-00075,SITE-011,2024-12-08,Near Miss,2,9.26
INC-00076,SITE-019,2022-01-18,Fatal Accident,0,45.82
INC-00077,SITE-001,2020-12-23,Fatal Accident,5,91.79
INC-00078,SITE-018,2023-01-20,Minor Injury,5,27.68
INC-00079,SITE-021,2020-08-05,Fatal Accident,0,24.35
INC-00080,SITE-042,2024-02-11,Fatal Accident,0,51.16
INC-00081,SITE-005,2023-03-19,Major Injury,0,94.66
INC-00082,SITE-048,2021-09-07,Fatal Accident,1,65.76
INC-00083,SITE-041,2023-06-15,Fatal Accident,2,67.04
INC-00084,SITE-012,2023-11-29,Major Injury,1,77.48
INC-00085,SITE-026,2023-12-23,Minor Injury,0,62.02
INC-00086,SITE-021,2023-12-24,Major Injury,4,74.59
INC-00087,SITE-021,2021-06-24,Near Miss,0,86.87
INC-00088,SITE-011,2023-07-21,Near Miss,1,94.64
INC-00089,SITE-046,2022-05-18,Minor Injury,1,79.31
INC-00090,SITE-006,2021-03-08,Minor Injury,2,55.13
INC-00091,SITE-044,2023-05-24,Minor Injury,0,17.1
INC-00092,SITE-043,2020-12-20,Fatal Accident,1,77.59
INC-00093,SITE-003,2023-12-07,Minor Injury,2,92.2
INC-00094,SITE-005,2024-09-05,Minor Injury,3,12.82
INC-00095,SITE-034,2021-12-14,Near Miss,1,79.08
INC-00096,SITE-030,2023-03-13,Near Miss,4,21.49
INC-00097,SITE-044,2023-07-18,Minor Injury,0,18.63
INC-00098,SITE-005,2024-05-04,Minor Injury,4,82.19
INC-00099,SITE-042,2020-04-24,Minor Injury,3,35.42
INC-00100,SITE-027,2021-11-27,Fatal Accident,5,72.95
INC-00101,SITE-002,2022-11-18,Fatal Accident,0,78.93
INC-00102,SITE-042,2020-08-16,Near Miss,2,56.42
INC-00103,SITE-036,2024-02-22,Minor Injury,2,10.91
INC-00104,SITE-022,2020-07-21,Fatal Accident,2,62.9
INC-00105,SITE-026,2023-06-17,Major Injury,3,99.14
INC-00106,SITE-039,2020-08-29,Minor Injury,5,90.83
INC-00107,SITE-016,2023-11-12,Major Injury,1,71.82
INC-00108,SITE-040,2022-11-08,Major Injury,0,90.01
INC-00109,SITE-028,2020-10-07,Near Miss,1,81.46
INC-00110,SITE-018,2021-10-28,Fatal Accident,0,48.55
INC-00111,SITE-014,2020-06-08,Fatal Accident,1,95.19
INC-00112,SITE-001,2021-10-11,Near Miss,5,72.51
INC-00113,SITE-030,2020-03-25,Major Injury,5,62.51
INC-00114,SITE-045,2021-11-03,Fatal Accident,4,84.63
INC-00115,SITE-039,2024-06-16,Minor Injury,3,64.37
INC-00116,SITE-045,2022-11-19,Near Miss,3,16.93
INC-00117,SITE-007,2023-07-21,Minor Injury,3,74.45
INC-00118,SITE-017,2021-11-19,Near Miss,1,41.74
INC-00119,SITE-021,2021-10-23,Minor Injury,0,61.28
INC-00120,SITE-023,2024-04-24,Minor Injury,4,30.0
INC-00121,SITE-027,2023-01-16,Near Miss,2,30.83
INC-00122,SITE-046,2021-02-23,Major Injury,1,49.61
INC-00123,SITE-005,2023-01-02,Minor Injury,5,88.56
INC-00124,SITE-006,2022-01-04,Major Injury,2,59.5
INC-00125,SITE-036,2024-02-28,Major Injury,2,41.29
INC-00126,SITE-049,2022-01-23,Near Miss,4,51.88
INC-00127,SITE-011,2024-12-15,Near Miss,5,49.08
INC-00128,SITE-006,2023-12-18,Near Miss,1,86.92
INC-00129,SITE-049,2023-08-08,Minor Injury,3,24.5
INC-00130,SITE-030,2023-01-07,Major Injury,2,91.22
INC-00131,SITE-014,2020-02-02,Minor Injury,4,45.34
INC-00132,SITE-036,2023-05-10,Near Miss,3,41.9
INC-00133,SITE-009,2023-06-20,Major Injury,3,84.36
INC-00134,SITE-047,2021-02-18,Major Injury,4,9.13
INC-00135,SITE-047,2024-10-03,Fatal Accident,1,78.46
INC-00136,SITE-026,2022-01-06,Near Miss,1,93.29
INC-00137,SITE-007,2020-12-21,Major Injury,0,48.71
INC-00138,SITE-001,2020-05-16,Minor Injury,4,95.88
INC-00139,SITE-006,2024-01-28,Fatal Accident,1,21.77
INC-00140,SITE-017,2022-08-22,Minor Injury,2,18.76
INC-00141,SITE-031,2023-04-22,Major Injury,3,11.84
INC-00142,SITE-040,2023-07-14,Minor Injury,2,24.7
INC-00143,SITE-034,2022-02-06,Minor Injury,1,4.0
INC-00144,SITE-029,2023-07-06,Fatal Accident,3,39.4
INC-00145,SITE-016,2021-03-18,Fatal Accident,3,57.99
INC-00146,SITE-029,2023-12-23,Minor Injury,5,95.0
INC-00147,SITE-048,2021-08-30,Major Injury,2,36.82
INC-00148,SITE-043,2022-10-01,Minor Injury,5,17.45
INC-00149,SITE-049,2021-11-16,Near Miss,4,26.4
INC-00150,SITE-037,2020-07-10,Fatal Accident,3,76.1
INC-00151,SITE-027,2023-02-10,Minor Injury,0,57.02
INC-00152,SITE-010,2022-07-07,Near Miss,5,42.56
INC-00153,SITE-007,2024-02-12,Near Miss,5,70.18
INC-00154,SITE-007,2022-11-03,Fatal Accident,3,30.78
INC-00155,SITE-021,2022-08-10,Major Injury,0,77.24
INC-00156,SITE-017,2020-12-09,Fatal Accident,0,52.41
INC-00157,SITE-001,2023-10-23,Minor Injury,4,27.66
INC-00158,SITE-018,2024-04-08,Minor Injury,4,78.45
INC-00159,SITE-014,2024-02-08,Fatal Accident,5,98.58
INC-00160,SITE-033,2024-03-03,Major Injury,1,32.36
INC-00161,SITE-012,2021-08-07,Near Miss,5,80.28
INC-00162,SITE-019,2020-05-08,Near Miss,5,30.71
INC-00163,SITE-040,2020-08-11,Major Injury,3,5.54
INC-00164,SITE-002,2023-09-14,Major Injury,1,20.13
INC-00165,SITE-043,2020-03-17,Near Miss,2,14.34
INC-00166,SITE-004,2022-07-22,Fatal Accident,1,58.43
INC-00167,SITE-023,2024-07-07,Major Injury,4,16.26
INC-00168,SITE-015,2022-11-25,Fatal Accident,0,10.57
INC-00169,SITE-026,2021-07-17,Major Injury,1,89.15
INC-00170,SITE-028,2024-07-16,Minor Injury,2,92.23
INC-00171,SITE-043,2022-10-23,Major Injury,1,65.12
INC-00172,SITE-044,2023-06-04,Fatal Accident,5,44.18
INC-00173,SITE-044,2022-04-21,Minor Injury,2,3.0
INC-00174,SITE-015,2022-04-24,Fatal Accident,2,41.69
INC-00175,SITE-027,2022-07-12,Major Injury,0,21.59
INC-00176,SITE-004,2020-10-01,Minor Injury,3,47.28
INC-00177,SITE-038,2023-09-08,Fatal Accident,1,50.58
INC-00178,SITE-025,2021-10-09,Minor Injury,0,25.97
INC-00179,SITE-021,2024-02-06,Near Miss,2,7.29
INC-00180,SITE-018,2023-03-24,Near Miss,5,93.66
INC-00181,SITE-002,2021-03-12,Near Miss,4,23.4
INC-00182,SITE-036,2024-06-18,Minor Injury,3,65.28
INC-00183,SITE-034,2020-08-09,Major Injury,1,31.83
INC-00184,SITE-008,2024-08-11,Minor Injury,3,52.23
INC-00185,SITE-041,2023-01-24,Minor Injury,3,61.44
INC-00186,SITE-005,2020-01-27,Fatal Accident,1,16.83
INC-00187,SITE-016,2024-06-11,Near Miss,0,63.87
INC-00188,SITE-014,2022-02-18,Fatal Accident,0,40.18
INC-00189,SITE-034,2023-12-30,Fatal Accident,2,69.26
INC-00190,SITE-003,2023-11-15,Fatal Accident,3,80.25
INC-00191,SITE-022,2023-01-10,Minor Injury,0,39.37
INC-00192,SITE-022,2022-07-14,Near Miss,4,80.08
INC-00193,SITE-036,2020-05-02,Fatal Accident,1,83.95
INC-00194,SITE-006,2022-06-30,Fatal Accident,4,61.02
INC-00195,SITE-030,2022-12-31,Major Injury,2,19.04
INC-00196,SITE-013,2022-10-26,Fatal Accident,2,84.92
INC-00197,SITE-013,2021-10-10,Minor Injury,2,28.0
INC-00198,SITE-043,2024-09-02,Near Miss,1,22.96
INC-00199,SITE-026,2024-01-30,Near Miss,0,67.61
INC-00200,SITE-041,2024-10-06,Major Injury,0,59.45
INC-00201,SITE-027,2023-11-10,Minor Injury,1,91.36
INC-00202,SITE-013,2021-08-03,Near Miss,5,32.64
INC-00203,SITE-034,2023-04-07,Fatal Accident,4,93.02
INC-00204,SITE-046,2024-04-23,Near Miss,5,92.69
INC-00205,SITE-015,2021-08-05,Minor Injury,4,65.86
INC-00206,SITE-001,2023-12-28,Minor Injury,5,78.08
INC-00207,SITE-048,2023-05-03,Near Miss,0,70.22
INC-00208,SITE-009,2024-01-11,Major Injury,1,60.95
INC-00209,SITE-006,2024-12-30,Major Injury,2,33.25
INC-00210,SITE-019,2023-05-07,Minor Injury,3,56.78
INC-00211,SITE-023,2023-01-25,Fatal Accident,5,85.58
INC-00212,SITE-032,2023-02-27,Fatal Accident,5,1.25
INC-00213,SITE-041,2022-02-20,Fatal Accident,4,99.38
INC-00214,SITE-048,2022-11-05,Minor Injury,4,11.7
INC-00215,SITE-019,2021-07-10,Fatal Accident,3,95.16
INC-00216,SITE-006,2022-06-28,Fatal Accident,0,23.48
INC-00217,SITE-039,2021-08-25,Near Miss,0,44.33
INC-00218,SITE-034,2020-02-18,Major Injury,5,63.91
INC-00219,SITE-047,2023-06-16,Fatal Accident,4,49.26
INC-00220,SITE-030,2022-05-02,Near Miss,3,46.02
INC-00221,SITE-018,2023-12-07,Fatal Accident,0,59.32
INC-00222,SITE-008,2021-09-03,Minor Injury,5,49.82
INC-00223,SITE-005,2020-06-11,Fatal Accident,3,42.13
INC-00224,SITE-026,2024-12-24,Minor Injury,4,82.04
INC-00225,SITE-029,2024-05-26,Major Injury,3,40.39
INC-00226,SITE-015,2022-09-11,Fatal Accident,2,61.67
INC-00227,SITE-030,2024-10-05,Minor Injury,1,85.28
INC-00228,SITE-007,2024-03-16,Major Injury,3,6.15
INC-00229,SITE-047,2022-01-12,Fatal Accident,3,61.11
INC-00230,SITE-005,2024-04-25,Fatal Accident,4,42.57
INC-00231,SITE-046,2021-02-19,Minor Injury,2,60.95
INC-00232,SITE-007,2022-03-29,Near Miss,2,51.58
INC-00233,SITE-005,2023-10-14,Minor Injury,4,27.56
INC-00234,SITE-027,2022-09-30,Near Miss,4,14.2
INC-00235,SITE-011,2022-06-21,Near Miss,4,19.8
INC-00236,SITE-034,2022-09-29,Minor Injury,5,52.85
INC-00237,SITE-001,2022-04-29,Fatal Accident,2,42.1
INC-00238,SITE-048,2024-04-18,Major Injury,2,45.8
INC-00239,SITE-020,2021-04-13,Fatal Accident,2,28.86
INC-00240,SITE-044,2022-08-24,Near Miss,1,69.0
INC-00241,SITE-044,2021-03-25,Minor Injury,2,87.79
INC-00242,SITE-016,2023-11-27,Major Injury,3,45.68
INC-00243,SITE-020,2020-02-02,Fatal Accident,4,52.6
INC-00244,SITE-019,2024-03-04,Near Miss,3,18.07
INC-00245,SITE-036,2024-07-09,Near Miss,4,29.97
INC-00246,SITE-003,2020-08-13,Near Miss,0,3.27
INC-00247,SITE-049,2020-05-15,Fatal Accident,5,58.69
INC-00248,SITE-008,2020-10-13,Near Miss,3,16.23
INC-00249,SITE-032,2023-09-22,Fatal Accident,4,8.03
INC-00250,SITE-004,2023-03-06,Minor Injury,2,75.53
INC-00251,SITE-021,2020-11-13,Near Miss,4,47.86
INC-00252,SITE-015,2022-10-26,Fatal Accident,1,83.14
INC-00253,SITE-011,2020-07-11,Fatal Accident,5,89.82
INC-00254,SITE-028,2020-08-17,Near Miss,5,64.19
INC-00255,SITE-016,2021-11-25,Near Miss,3,72.38
INC-00256,SITE-037,2020-09-29,Fatal Accident,0,85.18
INC-00257,SITE-047,2022-04-10,Major Injury,5,26.99
INC-00258,SITE-005,2021-05-06,Near Miss,4,97.79
INC-00259,SITE-016,2022-05-23,Major Injury,5,45.06
INC-00260,SITE-037,2022-08-14,Minor Injury,2,87.5
INC-00261,SITE-004,2020-05-05,Minor Injury,0,63.44
INC-00262,SITE-012,2023-09-06,Minor Injury,0,68.1
INC-00263,SITE-004,2024-11-07,Minor Injury,5,71.55
INC-00264,SITE-017,2023-03-27,Near Miss,2,75.69
INC-00265,SITE-044,2023-10-11,Fatal Accident,0,92.11
INC-00266,SITE-043,2020-09-15,Major Injury,3,82.92
INC-00267,SITE-044,2022-12-19,Fatal Accident,5,14.38
INC-00268,SITE-002,2021-05-02,Major Injury,3,39.49
INC-00269,SITE-034,2023-10-11,Major Injury,3,32.98
INC-00270,SITE-040,2020-04-09,Major Injury,0,23.49
INC-00271,SITE-002,2024-01-18,Major Injury,1,53.46
INC-00272,SITE-043,2021-10-19,Major Injury,3,93.37
INC-00273,SITE-042,2024-03-24,Near Miss,5,13.18
INC-00274,SITE-035,2024-04-25,Minor Injury,4,77.5
INC-00275,SITE-028,2023-08-03,Near Miss,0,54.05
INC-00276,SITE-045,2024-03-28,Fatal Accident,5,99.08
INC-00277,SITE-045,2020-04-25,Near Miss,0,91.39
INC-00278,SITE-041,2022-02-03,Fatal Accident,2,68.24
INC-00279,SITE-028,2022-11-08,Major Injury,2,49.95
INC-00280,SITE-044,2023-11-22,Minor Injury,2,39.18
INC-00281,SITE-021,2020-04-09,Fatal Accident,5,98.3
INC-00282,SITE-015,2023-12-27,Minor Injury,3,53.21
INC-00283,SITE-048,2024-10-06,Fatal Accident,4,6.36
INC-00284,SITE-021,2020-12-19,Major Injury,3,30.55
INC-00285,SITE-022,2024-11-18,Fatal Accident,4,42.24
INC-00286,SITE-034,2023-12-05,Minor Injury,2,5.9
INC-00287,SITE-041,2023-01-08,Major Injury,3,5.51
INC-00288,SITE-036,2022-10-03,Minor Injury,0,18.5
INC-00289,SITE-012,2023-07-22,Minor Injury,2,35.08
INC-00290,SITE-024,2020-11-05,Near Miss,2,67.51
INC-00291,SITE-006,2024-05-12,Minor Injury,5,40.8
INC-00292,SITE-020,2023-04-06,Near Miss,1,64.01
INC-00293,SITE-006,2024-07-08,Fatal Accident,0,89.51
INC-00294,SITE-042,2021-10-18,Major Injury,2,58.36
INC-00295,SITE-006,2020-11-14,Minor Injury,5,29.03
INC-00296,SITE-042,2022-07-22,Minor Injury,3,35.27
INC-00297,SITE-046,2024-05-14,Near Miss,3,7.44
INC-00298,SITE-029,2023-01-13,Near Miss,2,31.08
INC-00299,SITE-019,2024-06-09,Major Injury,2,75.52
INC-00300,SITE-023,2021-02-14,Fatal Accident,3,50.4
INC-00301,SITE-017,2020-03-31,Fatal Accident,3,76.68
INC-00302,SITE-028,2021-02-25,Minor Injury,1,95.29
INC-00303,SITE-028,2022-06-26,Near Miss,0,58.3
INC-00304,SITE-043,2023-10-13,Minor Injury,2,80.17
INC-00305,SITE-034,2022-12-25,Major Injury,1,28.94
INC-00306,SITE-044,2024-11-24,Major Injury,1,39.93
INC-00307,SITE-028,2024-02-23,Major Injury,5,20.97
INC-00308,SITE-035,2024-08-16,Major Injury,0,56.45
INC-00309,SITE-013,2022-01-13,Major Injury,1,65.14
INC-00310,SITE-040,2023-03-26,Major Injury,1,4.15
INC-00311,SITE-043,2022-10-20,Major Injury,0,53.69
INC-00312,SITE-046,2020-04-05,Major Injury,1,80.69
INC-00313,SITE-024,2023-02-14,Fatal Accident,0,38.42
INC-00314,SITE-039,2022-11-14,Near Miss,1,18.6
INC-00315,SITE-038,2024-06-22,Fatal Accident,3,17.23
INC-00316,SITE-044,2022-01-02,Minor Injury,1,7.12
INC-00317,SITE-034,2023-11-15,Minor Injury,5,91.45
INC-00318,SITE-047,2022-06-29,Major Injury,3,68.22
INC-00319,SITE-049,2022-10-12,Fatal Accident,1,78.03
INC-00320,SITE-037,2024-05-08,Fatal Accident,2,75.37
INC-00321,SITE-042,2020-09-02,Near Miss,3,77.64
INC-00322,SITE-011,2024-04-03,Minor Injury,4,67.37
INC-00323,SITE-017,2023-08-30,Fatal Accident,1,60.91
INC-00324,SITE-035,2021-12-28,Fatal Accident,1,27.89
INC-00325,SITE-006,2021-12-14,Fatal Accident,3,70.53
INC-00326,SITE-020,2023-06-05,Fatal Accident,4,65.21
INC-00327,SITE-003,2024-11-10,Fatal Accident,1,84.27
INC-00328,SITE-031,2021-12-24,Near Miss,5,42.76
INC-00329,SITE-039,2023-07-02,Major Injury,1,22.7
INC-00330,SITE-037,2020-06-16,Near Miss,3,81.54
INC-00331,SITE-023,2020-07-02,Minor Injury,0,61.3
INC-00332,SITE-007,2021-02-19,Fatal Accident,2,61.58
INC-00333,SITE-019,2024-01-06,Major Injury,1,81.1
INC-00334,SITE-029,2020-12-19,Major Injury,3,64.8
INC-00335,SITE-001,2020-09-22,Fatal Accident,4,56.15
INC-00336,SITE-043,2024-04-24,Major Injury,2,61.22
INC-00337,SITE-040,2021-10-30,Fatal Accident,2,86.17
INC-00338,SITE-048,2024-04-01,Major Injury,0,86.14
INC-00339,SITE-036,2021-06-12,Near Miss,5,93.92
INC-00340,SITE-029,2022-05-13,Near Miss,2,35.4
INC-00341,SITE-023,2020-06-13,Minor Injury,3,92.33
INC-00342,SITE-005,2022-10-23,Near Miss,2,30.39
INC-00343,SITE-005,2022-12-06,Minor Injury,4,55.67
INC-00344,SITE-032,2023-03-25,Near Miss,5,50.77
INC-00345,SITE-035,2022-08-05,Near Miss,1,48.42
INC-00346,SITE-006,2024-12-06,Major Injury,5,21.95
INC-00347,SITE-047,2022-04-21,Major Injury,1,61.68
INC-00348,SITE-014,2023-12-16,Fatal Accident,4,20.67
INC-00349,SITE-001,2020-06-16,Near Miss,2,77.71
INC-00350,SITE-017,2023-01-03,Major Injury,5,61.11
INC-00351,SITE-044,2021-08-28,Fatal Accident,2,17.37
INC-00352,SITE-008,2024-01-17,Minor Injury,3,16.7
INC-00353,SITE-013,2021-02-14,Near Miss,5,22.91
INC-00354,SITE-014,2024-01-22,Fatal Accident,3,96.02
INC-00355,SITE-031,2023-03-02,Minor Injury,4,39.67
INC-00356,SITE-038,2022-05-25,Near Miss,2,20.5
INC-00357,SITE-015,2023-06-10,Fatal Accident,3,47.28
INC-00358,SITE-036,2021-02-02,Major Injury,0,24.67
INC-00359,SITE-002,2024-12-04,Minor Injury,0,23.4
INC-00360,SITE-007,2022-01-27,Fatal Accident,0,49.72
INC-00361,SITE-009,2022-12-11,Near Miss,4,17.68
INC-00362,SITE-014,2024-11-09,Near Miss,5,75.62
INC-00363,SITE-002,2020-12-23,Major Injury,5,56.86
INC-00364,SITE-017,2023-12-20,Near Miss,5,27.86
INC-00365,SITE-002,2023-12-17,Near Miss,3,13.89
INC-00366,SITE-008,2020-07-10,Fatal Accident,1,18.85
INC-00367,SITE-010,2020-11-22,Fatal Accident,1,84.71
INC-00368,SITE-005,2021-05-10,Near Miss,3,99.36
INC-00369,SITE-005,2020-10-09,Major Injury,5,34.64
INC-00370,SITE-022,2023-01-14,Minor Injury,4,76.29
INC-00371,SITE-045,2023-06-04,Fatal Accident,2,99.46
INC-00372,SITE-027,2021-07-27,Near Miss,2,41.23
INC-00373,SITE-047,2020-03-15,Near Miss,5,89.88
INC-00374,SITE-011,2023-10-11,Major Injury,2,78.41
INC-00375,SITE-004,2023-12-20,Fatal Accident,5,82.44
INC-00376,SITE-044,2022-07-05,Major Injury,2,14.68
INC-00377,SITE-028,2023-05-23,Minor Injury,5,84.42
INC-00378,SITE-005,2024-10-28,Major Injury,1,88.41
INC-00379,SITE-032,2020-02-01,Major Injury,1,74.24
INC-00380,SITE-021,2022-04-25,Near Miss,4,3.11
INC-00381,SITE-026,2024-10-06,Near Miss,0,70.53
INC-00382,SITE-008,2024-04-20,Minor Injury,1,29.43
INC-00383,SITE-034,2022-01-24,Near Miss,2,90.66
INC-00384,SITE-022,2020-03-20,Near Miss,4,89.45
INC-00385,SITE-033,2022-10-17,Fatal Accident,5,70.87
INC-00386,SITE-025,2021-04-23,Near Miss,3,20.76
INC-00387,SITE-031,2020-02-01,Near Miss,0,0.99
INC-00388,SITE-019,2021-10-27,Near Miss,1,88.02
INC-00389,SITE-016,2020-01-23,Near Miss,2,70.42
INC-00390,SITE-031,2021-11-12,Near Miss,1,64.19
INC-00391,SITE-041,2023-10-01,Fatal Accident,5,81.38
INC-00392,SITE-016,2024-11-01,Minor Injury,2,98.53
INC-00393,SITE-048,2021-07-19,Minor Injury,2,72.7
INC-00394,SITE-048,2022-09-11,Minor Injury,4,5.0
INC-00395,SITE-040,2023-10-22,Fatal Accident,4,60.89
INC-00396,SITE-038,2021-01-02,Fatal Accident,0,9.66
INC-00397,SITE-012,2021-12-31,Minor Injury,3,12.12
INC-00398,SITE-023,2024-05-27,Major Injury,2,92.81
INC-00399,SITE-020,2024-06-17,Major Injury,4,55.72
INC-00400,SITE-012,2023-08-13,Near Miss,1,16.21
INC-00401,SITE-036,2022-10-29,Minor Injury,3,79.76
INC-00402,SITE-006,2022-02-25,Near Miss,3,48.92
INC-00403,SITE-037,2022-12-11,Major Injury,1,82.33
INC-00404,SITE-026,2021-06-25,Fatal Accident,0,5.29
INC-00405,SITE-044,2021-08-02,Major Injury,4,15.47
INC-00406,SITE-023,2021-01-08,Fatal Accident,2,3.63
INC-00407,SITE-033,2024-04-01,Major Injury,2,60.35
INC-00408,SITE-038,2022-04-15,Fatal Accident,3,34.83
INC-00409,SITE-002,2022-05-09,Minor Injury,1,50.29
INC-00410,SITE-037,2021-04-05,Near Miss,4,30.49
INC-00411,SITE-004,2024-02-22,Fatal Accident,1,47.67
INC-00412,SITE-015,2021-07-20,Fatal Accident,4,60.48
INC-00413,SITE-022,2022-02-22,Fatal Accident,4,57.51
INC-00414,SITE-012,2022-06-04,Minor Injury,1,89.9
INC-00415,SITE-040,2024-07-14,Minor Injury,3,65.42
INC-00416,SITE-006,2024-07-05,Major Injury,0,65.24
INC-00417,SITE-005,2020-09-21,Fatal Accident,3,29.96
INC-00418,SITE-001,2020-12-03,Major Injury,2,39.03
INC-00419,SITE-038,2022-04-01,Minor Injury,1,77.41
INC-00420,SITE-020,2020-08-03,Near Miss,4,52.86
INC-00421,SITE-040,2023-11-25,Minor Injury,5,59.58
INC-00422,SITE-040,2020-07-30,Fatal Accident,2,31.47
INC-00423,SITE-002,2022-08-30,Minor Injury,0,92.39
INC-00424,SITE-032,2024-10-11,Major Injury,5,55.75
INC-00425,SITE-032,2020-07-30,Minor Injury,1,92.69
INC-00426,SITE-027,2022-08-21,Major Injury,0,34.58
INC-00427,SITE-046,2022-07-31,Major Injury,3,56.55
INC-00428,SITE-037,2020-09-08,Fatal Accident,0,53.06
INC-00429,SITE-012,2022-12-12,Fatal Accident,1,8.6
INC-00430,SITE-031,2022-06-12,Near Miss,1,19.0
INC-00431,SITE-009,2020-05-07,Major Injury,3,34.58
INC-00432,SITE-043,2024-07-11,Near Miss,5,95.4
INC-00433,SITE-042,2022-07-06,Fatal Accident,1,60.5
INC-00434,SITE-002,2023-10-19,Minor Injury,0,82.32
INC-00435,SITE-006,2023-04-14,Near Miss,3,73.58
INC-00436,SITE-024,2020-09-02,Minor Injury,1,1.91
INC-00437,SITE-033,2021-08-06,Fatal Accident,3,50.97
INC-00438,SITE-034,2020-06-20,Major Injury,0,18.02
INC-00439,SITE-021,2024-10-08,Fatal Accident,0,51.57
INC-00440,SITE-001,2022-01-04,Minor Injury,0,59.09
INC-00441,SITE-032,2022-08-05,Major Injury,1,54.46
INC-00442,SITE-016,2023-07-10,Major Injury,1,78.82
INC-00443,SITE-031,2025-01-01,Fatal Accident,2,21.88
INC-00444,SITE-030,2024-04-13,Major Injury,5,24.35
INC-00445,SITE-028,2020-10-05,Near Miss,4,51.52
INC-00446,SITE-027,2023-05-12,Near Miss,0,44.69
INC-00447,SITE-012,2023-02-27,Minor Injury,4,96.3
INC-00448,SITE-006,2023-08-14,Near Miss,5,26.59
INC-00449,SITE-005,2022-05-23,Major Injury,4,53.69
INC-00450,SITE-028,2021-01-20,Near Miss,0,52.66
INC-00451,SITE-038,2023-03-17,Minor Injury,1,82.34
INC-00452,SITE-024,2022-12-05,Fatal Accident,4,18.21
INC-00453,SITE-008,2020-10-17,Near Miss,0,43.9
INC-00454,SITE-022,2024-12-21,Near Miss,1,95.54
INC-00455,SITE-014,2022-06-01,Major Injury,0,34.02
INC-00456,SITE-042,2022-12-12,Major Injury,1,27.54
INC-00457,SITE-003,2024-08-30,Fatal Accident,4,61.05
INC-00458,SITE-032,2021-07-06,Major Injury,2,6.24
INC-00459,SITE-037,2023-07-11,Minor Injury,3,51.69
INC-00460,SITE-002,2020-04-22,Minor Injury,2,40.69
INC-00461,SITE-003,2023-07-21,Major Injury,3,57.72
INC-00462,SITE-023,2022-05-15,Near Miss,4,36.66
INC-00463,SITE-014,2023-08-13,Major Injury,2,59.48
INC-00464,SITE-034,2022-07-27,Major Injury,3,40.4
INC-00465,SITE-004,2022-10-01,Major Injury,4,8.87
INC-00466,SITE-011,2023-01-01,Fatal Accident,2,1.19
INC-00467,SITE-034,2021-05-21,Major Injury,0,77.51
INC-00468,SITE-044,2021-01-23,Minor Injury,5,28.75
INC-00469,SITE-015,2022-08-23,Major Injury,2,83.66
INC-00470,SITE-042,2024-01-20,Fatal Accident,5,5.31
INC-00471,SITE-049,2023-10-29,Major Injury,3,60.87
INC-00472,SITE-010,2020-01-14,Minor Injury,1,31.42
INC-00473,SITE-001,2022-08-15,Near Miss,2,20.86
INC-00474,SITE-039,2024-10-26,Fatal Accident,5,99.9
INC-00475,SITE-013,2021-06-26,Minor Injury,0,49.0
INC-00476,SITE-044,2022-07-02,Near Miss,5,1.81
INC-00477,SITE-016,2023-07-08,Major Injury,0,68.71
INC-00478,SITE-034,2024-05-14,Fatal Accident,4,46.12
INC-00479,SITE-042,2023-10-17,Major Injury,2,83.03
INC-00480,SITE-029,2024-12-24,Fatal Accident,2,82.07
INC-00481,SITE-043,2020-03-28,Major Injury,0,75.42
INC-00482,SITE-024,2024-01-08,Major Injury,2,31.61
INC-00483,SITE-028,2020-06-06,Fatal Accident,5,61.75
INC-00484,SITE-046,2020-04-29,Major Injury,5,3.24
INC-00485,SITE-028,2020-04-14,Fatal Accident,1,71.86
INC-00486,SITE-033,2023-07-31,Minor Injury,0,73.02
INC-00487,SITE-048,2020-10-29,Near Miss,4,78.16
INC-00488,SITE-022,2022-04-17,Near Miss,3,92.1
INC-00489,SITE-039,2022-12-19,Near Miss,0,17.82
INC-00490,SITE-034,2022-07-14,Fatal Accident,4,79.46
INC-00491,SITE-003,2023-04-27,Minor Injury,1,84.48
INC-00492,SITE-003,2023-05-07,Fatal Accident,4,79.6
INC-00493,SITE-039,2023-11-10,Near Miss,3,85.88
INC-00494,SITE-036,2022-09-19,Major Injury,3,49.37
INC-00495,SITE-020,2022-11-25,Major Injury,5,3.91
INC-00496,SITE-035,2023-06-21,Minor Injury,0,16.16
INC-00497,SITE-026,2022-02-09,Near Miss,0,50.95
INC-00498,SITE-018,2023-06-20,Fatal Accident,5,1.82
INC-00499,SITE-023,2021-05-04,Near Miss,3,18.78
INC-00500,SITE-005,2022-05-13,Fatal Accident,5,36.46
INC-00501,SITE-048,2023-02-19,Near Miss,1,18.36
INC-00502,SITE-002,2022-05-30,Minor Injury,0,73.04
INC-00503,SITE-045,2023-06-15,Near Miss,1,69.13
INC-00504,SITE-039,2024-11-07,Fatal Accident,5,7.89
INC-00505,SITE-046,2024-10-11,Major Injury,5,32.01
INC-00506,SITE-039,2024-07-29,Near Miss,4,42.16
INC-00507,SITE-023,2022-04-04,Major Injury,5,7.41
INC-00508,SITE-021,2020-05-11,Fatal Accident,3,84.73
INC-00509,SITE-022,2021-08-18,Major Injury,3,7.99
INC-00510,SITE-037,2021-06-16,Minor Injury,5,82.64
INC-00511,SITE-003,2021-08-12,Fatal Accident,2,76.87
INC-00512,SITE-001,2024-08-05,Fatal Accident,3,35.4
INC-00513,SITE-049,2020-09-19,Major Injury,4,43.3
INC-00514,SITE-014,2023-12-05,Fatal Accident,4,55.09
INC-00515,SITE-001,2021-03-13,Major Injury,1,28.52
INC-00516,SITE-015,2020-03-02,Minor Injury,3,55.22
INC-00517,SITE-027,2024-07-15,Minor Injury,4,16.84
INC-00518,SITE-038,2020-05-05,Fatal Accident,5,86.09
INC-00519,SITE-004,2023-06-26,Minor Injury,1,34.93
INC-00520,SITE-048,2022-05-31,Fatal Accident,2,17.79
INC-00521,SITE-038,2023-02-23,Fatal Accident,5,32.61
INC-00522,SITE-005,2021-09-15,Fatal Accident,4,32.1
INC-00523,SITE-047,2020-01-30,Minor Injury,1,36.99
INC-00524,SITE-006,2022-01-16,Major Injury,1,25.91
INC-00525,SITE-024,2023-05-24,Minor Injury,2,67.74
INC-00526,SITE-007,2024-09-26,Near Miss,0,82.85
INC-00527,SITE-049,2020-03-31,Minor Injury,3,32.43
INC-00528,SITE-013,2021-12-27,Near Miss,5,66.3
INC-00529,SITE-033,2023-03-31,Minor Injury,4,49.66
INC-00530,SITE-033,2020-07-14,Near Miss,0,17.96
INC-00531,SITE-044,2023-11-11,Minor Injury,4,1.7
INC-00532,SITE-029,2023-12-26,Major Injury,3,26.0
INC-00533,SITE-049,2022-01-31,Near Miss,1,90.01
INC-00534,SITE-045,2020-01-21,Minor Injury,0,66.85
INC-00535,SITE-016,2021-11-19,Near Miss,4,69.33
INC-00536,SITE-027,2023-04-19,Near Miss,3,88.64
INC-00537,SITE-012,2022-11-07,Minor Injury,5,55.62
INC-00538,SITE-041,2022-09-19,Fatal Accident,4,94.57
INC-00539,SITE-015,2022-06-25,Fatal Accident,1,44.85
INC-00540,SITE-032,2021-07-16,Minor Injury,4,87.03
INC-00541,SITE-035,2023-07-19,Fatal Accident,4,27.03
INC-00542,SITE-003,2024-08-28,Major Injury,1,62.58
INC-00543,SITE-020,2023-04-21,Minor Injury,3,70.71
INC-00544,SITE-020,2024-01-14,Minor Injury,3,39.19
INC-00545,SITE-015,2022-11-09,Near Miss,5,10.48
INC-00546,SITE-015,2020-09-13,Major Injury,0,27.11
INC-00547,SITE-047,2020-09-11,Minor Injury,5,93.04
INC-00548,SITE-019,2023-05-07,Major Injury,1,71.15
INC-00549,SITE-032,2023-05-24,Major Injury,5,71.07
INC-00550,SITE-016,2021-12-26,Minor Injury,0,40.14
INC-00551,SITE-043,2022-03-02,Minor Injury,1,86.68
INC-00552,SITE-016,2022-09-01,Fatal Accident,4,97.16
INC-00553,SITE-049,2022-02-09,Major Injury,4,12.55
INC-00554,SITE-014,2023-08-07,Fatal Accident,4,61.7
INC-00555,SITE-047,2020-09-19,Major Injury,0,93.85
INC-00556,SITE-019,2021-11-07,Fatal Accident,3,14.64
INC-00557,SITE-034,2022-10-05,Near Miss,1,92.07
INC-00558,SITE-041,2024-03-16,Fatal Accident,2,43.53
INC-00559,SITE-041,2023-08-09,Near Miss,4,32.66
INC-00560,SITE-004,2020-12-29,Major Injury,4,90.01
INC-00561,SITE-001,2024-02-15,Major Injury,5,37.99
INC-00562,SITE-004,2023-08-26,Fatal Accident,4,68.23
INC-00563,SITE-034,2022-04-18,Major Injury,1,47.01
INC-00564,SITE-025,2024-06-12,Near Miss,0,98.94
INC-00565,SITE-004,2023-03-23,Fatal Accident,4,77.27
INC-00566,SITE-041,2021-01-14,Fatal Accident,5,73.47
INC-00567,SITE-028,2024-05-01,Near Miss,3,95.93
INC-00568,SITE-008,2020-05-04,Near Miss,5,41.32
INC-00569,SITE-028,2021-10-19,Major Injury,1,86.09
INC-00570,SITE-014,2023-07-31,Near Miss,5,2.32
INC-00571,SITE-048,2022-06-23,Minor Injury,5,58.6
INC-00572,SITE-034,2024-11-15,Near Miss,1,76.15
INC-00573,SITE-023,2022-01-17,Major Injury,3,3.53
INC-00574,SITE-013,2021-11-11,Fatal Accident,1,22.33
INC-00575,SITE-023,2023-02-17,Major Injury,0,74.69
INC-00576,SITE-029,2021-09-13,Fatal Accident,5,96.6
INC-00577,SITE-042,2024-07-21,Near Miss,5,99.55
INC-00578,SITE-024,2022-10-10,Major Injury,2,12.71
INC-00579,SITE-027,2022-11-01,Minor Injury,0,94.49
INC-00580,SITE-031,2021-01-07,Fatal Accident,4,34.16
INC-00581,SITE-043,2023-08-29,Minor Injury,1,14.48
INC-00582,SITE-017,2021-07-22,Fatal Accident,5,74.1
INC-00583,SITE-037,2023-03-10,Major Injury,2,32.59
INC-00584,SITE-023,2020-12-04,Major Injury,5,71.54
INC-00585,SITE-015,2023-02-11,Major Injury,4,73.5
INC-00586,SITE-001,2022-05-15,Major Injury,0,36.89
INC-00587,SITE-036,2023-11-07,Near Miss,1,80.97
INC-00588,SITE-023,2020-12-21,Near Miss,4,26.56
INC-00589,SITE-027,2024-01-06,Minor Injury,4,68.56
INC-00590,SITE-038,2023-04-16,Near Miss,3,10.84
INC-00591,SITE-008,2021-08-10,Major Injury,3,72.33
INC-00592,SITE-042,2021-04-15,Major Injury,0,80.53
INC-00593,SITE-003,2023-01-31,Minor Injury,5,48.3
INC-00594,SITE-024,2022-01-22,Minor Injury,2,5.88
INC-00595,SITE-010,2021-04-21,Fatal Accident,0,64.34
INC-00596,SITE-044,2024-12-25,Fatal Accident,4,88.43
INC-00597,SITE-032,2021-10-11,Fatal Accident,0,8.67
INC-00598,SITE-024,2022-03-26,Major Injury,3,45.36
INC-00599,SITE-001,2020-01-07,Minor Injury,1,99.91
INC-00600,SITE-026,2024-09-02,Near Miss,4,1.6
INC-00601,SITE-019,2020-04-12,Fatal Accident,5,70.73
INC-00602,SITE-019,2022-10-25,Near Miss,5,67.63
INC-00603,SITE-049,2021-09-12,Fatal Accident,5,32.58
INC-00604,SITE-046,2024-02-15,Fatal Accident,2,99.92
INC-00605,SITE-005,2022-04-11,Fatal Accident,3,82.87
INC-00606,SITE-007,2024-08-31,Major Injury,1,67.4
INC-00607,SITE-007,2022-05-22,Minor Injury,1,23.29
INC-00608,SITE-020,2022-05-15,Minor Injury,2,18.46
INC-00609,SITE-036,2020-06-08,Major Injury,4,7.54
INC-00610,SITE-009,2022-07-07,Near Miss,0,81.8
INC-00611,SITE-047,2023-01-02,Fatal Accident,1,5.97
INC-00612,SITE-007,2023-05-10,Major Injury,4,71.43
INC-00613,SITE-004,2021-02-03,Near Miss,0,63.47
INC-00614,SITE-032,2024-06-16,Near Miss,3,1.17
INC-00615,SITE-030,2023-09-19,Major Injury,2,78.47
INC-00616,SITE-046,2024-11-03,Fatal Accident,2,81.22
INC-00617,SITE-012,2024-03-01,Near Miss,0,14.37
INC-00618,SITE-043,2023-05-21,Major Injury,2,15.51
INC-00619,SITE-034,2022-12-26,Fatal Accident,3,47.37
INC-00620,SITE-029,2024-03-01,Fatal Accident,3,19.74
INC-00621,SITE-044,2020-01-29,Minor Injury,3,44.24
INC-00622,SITE-002,2024-08-16,Minor Injury,0,78.07
INC-00623,SITE-032,2021-01-10,Fatal Accident,3,50.78
INC-00624,SITE-044,2020-10-20,Fatal Accident,5,1.97
INC-00625,SITE-018,2021-08-18,Major Injury,0,24.07
INC-00626,SITE-013,2024-03-04,Minor Injury,1,83.75
INC-00627,SITE-030,2024-09-21,Near Miss,1,40.05
INC-00628,SITE-042,2020-08-08,Near Miss,1,74.7
INC-00629,SITE-036,2020-06-22,Minor Injury,0,13.78
INC-00630,SITE-040,2022-06-27,Fatal Accident,5,66.71
INC-00631,SITE-028,2020-06-11,Near Miss,0,53.53
INC-00632,SITE-038,2020-12-03,Near Miss,3,53.62
INC-00633,SITE-039,2023-10-17,Major Injury,5,25.06
INC-00634,SITE-014,2021-01-03,Major Injury,5,48.54
INC-00635,SITE-023,2021-01-11,Major Injury,2,21.4
INC-00636,SITE-021,2021-03-19,Fatal Accident,1,18.42
INC-00637,SITE-039,2024-02-06,Fatal Accident,4,24.04
INC-00638,SITE-023,2023-05-24,Near Miss,0,33.07
INC-00639,SITE-025,2023-07-21,Fatal Accident,2,76.02
INC-00640,SITE-046,2020-01-21,Fatal Accident,3,35.95
INC-00641,SITE-039,2020-06-27,Near Miss,0,77.91
INC-00642,SITE-008,2021-02-12,Fatal Accident,0,17.03
INC-00643,SITE-040,2024-10-09,Near Miss,0,82.01
INC-00644,SITE-029,2023-02-07,Minor Injury,4,47.02
INC-00645,SITE-048,2022-12-04,Major Injury,1,55.91
INC-00646,SITE-043,2021-07-30,Major Injury,0,22.38
INC-00647,SITE-042,2020-03-13,Major Injury,3,10.14
INC-00648,SITE-033,2023-01-26,Major Injury,0,23.06
INC-00649,SITE-017,2024-02-23,Major Injury,1,90.32
INC-00650,SITE-047,2021-05-25,Fatal Accident,2,95.12
INC-00651,SITE-019,2022-12-04,Minor Injury,1,51.28
INC-00652,SITE-005,2020-07-02,Minor Injury,2,38.13
INC-00653,SITE-002,2021-06-07,Major Injury,5,20.42
INC-00654,SITE-016,2024-03-06,Fatal Accident,2,88.22
INC-00655,SITE-003,2022-08-03,Fatal Accident,0,8.14
INC-00656,SITE-003,2020-03-04,Minor Injury,3,79.37
INC-00657,SITE-012,2020-08-19,Fatal Accident,5,98.04
INC-00658,SITE-031,2024-08-06,Minor Injury,5,30.26
INC-00659,SITE-046,2023-11-05,Minor Injury,3,69.85
INC-00660,SITE-029,2020-12-25,Near Miss,1,51.44
INC-00661,SITE-023,2021-02-25,Near Miss,0,6.84
INC-00662,SITE-038,2020-10-08,Major Injury,4,51.72
INC-00663,SITE-001,2024-02-09,Minor Injury,4,15.15
INC-00664,SITE-014,2023-12-27,Major Injury,2,65.85
INC-00665,SITE-041,2023-12-15,Near Miss,3,40.41
INC-00666,SITE-010,2022-11-01,Fatal Accident,0,92.71
INC-00667,SITE-026,2020-04-25,Fatal Accident,2,55.3
INC-00668,SITE-030,2022-04-01,Major Injury,1,29.51
INC-00669,SITE-020,2023-02-06,Near Miss,4,95.92
INC-00670,SITE-014,2021-09-04,Near Miss,5,35.49
INC-00671,SITE-030,2022-01-19,Minor Injury,4,43.92
INC-00672,SITE-015,2022-10-04,Near Miss,3,61.22
INC-00673,SITE-013,2021-10-17,Major Injury,4,97.51
INC-00674,SITE-042,2021-12-17,Fatal Accident,0,59.27
INC-00675,SITE-025,2024-08-14,Fatal Accident,2,40.55
INC-00676,SITE-019,2023-08-15,Minor Injury,0,46.74
INC-00677,SITE-043,2020-03-04,Fatal Accident,2,76.63
INC-00678,SITE-020,2023-12-18,Near Miss,0,95.85
INC-00679,SITE-049,2021-05-05,Minor Injury,2,48.69
INC-00680,SITE-024,2022-01-14,Major Injury,3,86.15
INC-00681,SITE-049,2021-07-11,Fatal Accident,4,10.98
INC-00682,SITE-047,2020-09-13,Fatal Accident,4,10.78
INC-00683,SITE-005,2024-07-09,Fatal Accident,2,81.25
INC-00684,SITE-049,2020-11-11,Near Miss,0,44.94
INC-00685,SITE-025,2020-01-24,Fatal Accident,3,58.33
INC-00686,SITE-046,2021-08-25,Near Miss,2,47.6
INC-00687,SITE-029,2023-05-08,Major Injury,0,69.98
INC-00688,SITE-003,2024-03-02,Near Miss,5,43.87
INC-00689,SITE-001,2020-08-24,Major Injury,3,91.04
INC-00690,SITE-039,2021-07-01,Near Miss,3,95.79
INC-00691,SITE-011,2020-12-23,Minor Injury,4,84.98
INC-00692,SITE-030,2020-03-19,Minor Injury,3,67.57
INC-00693,SITE-024,2023-06-14,Near Miss,3,23.76
INC-00694,SITE-010,2023-09-01,Fatal Accident,5,89.1
INC-00695,SITE-003,2020-06-21,Minor Injury,2,34.82
INC-00696,SITE-037,2020-12-11,Near Miss,0,93.82
INC-00697,SITE-031,2023-11-19,Minor Injury,3,91.06
INC-00698,SITE-018,2023-12-04,Near Miss,4,50.9
INC-00699,SITE-037,2021-03-31,Fatal Accident,5,89.57
INC-00700,SITE-049,2022-03-14,Near Miss,1,83.48
INC-00701,SITE-010,2024-10-27,Major Injury,0,20.76
INC-00702,SITE-002,2020-04-27,Fatal Accident,3,53.41
INC-00703,SITE-002,2020-09-08,Minor Injury,2,96.5
INC-00704,SITE-020,2020-04-18,Fatal Accident,5,35.64
INC-00705,SITE-038,2021-09-17,Major Injury,2,42.47
INC-00706,SITE-007,2022-11-10,Near Miss,2,88.16
INC-00707,SITE-021,2023-03-10,Minor Injury,0,67.24
INC-00708,SITE-024,2022-05-16,Fatal Accident,2,88.18
INC-00709,SITE-006,2022-10-27,Fatal Accident,5,50.73
INC-00710,SITE-016,2024-11-17,Fatal Accident,3,7.42
INC-00711,SITE-008,2023-08-15,Fatal Accident,3,37.85
INC-00712,SITE-002,2021-04-27,Near Miss,0,29.07
INC-00713,SITE-028,2024-11-26,Fatal Accident,4,55.44
INC-00714,SITE-024,2020-04-06,Minor Injury,5,64.69
INC-00715,SITE-003,2023-10-04,Major Injury,0,30.23
INC-00716,SITE-042,2020-04-10,Minor Injury,1,61.82
INC-00717,SITE-038,2023-06-30,Minor Injury,5,72.0
INC-00718,SITE-014,2022-03-25,Fatal Accident,3,61.63
INC-00719,SITE-011,2023-08-08,Major Injury,1,46.15
INC-00720,SITE-040,2024-09-29,Major Injury,4,54.66
INC-00721,SITE-011,2023-06-14,Major Injury,1,89.16
INC-00722,SITE-033,2023-04-08,Fatal Accident,4,10.12
INC-00723,SITE-010,2022-06-24,Major Injury,5,48.0
INC-00724,SITE-018,2023-03-14,Near Miss,0,73.19
INC-00725,SITE-010,2024-03-13,Near Miss,4,93.4
INC-00726,SITE-047,2022-12-07,Near Miss,3,91.61
INC-00727,SITE-036,2024-05-13,Near Miss,1,88.6
INC-00728,SITE-001,2020-06-03,Major Injury,1,13.94
INC-00729,SITE-035,2022-07-18,Fatal Accident,4,6.33
INC-00730,SITE-011,2023-11-16,Fatal Accident,1,98.33
INC-00731,SITE-047,2021-10-15,Fatal Accident,2,19.29
INC-00732,SITE-038,2020-12-29,Near Miss,1,38.55
INC-00733,SITE-010,2021-02-01,Near Miss,0,76.28
INC-00734,SITE-043,2021-11-14,Fatal Accident,4,86.11
INC-00735,SITE-016,2022-05-24,Major Injury,0,87.1
INC-00736,SITE-003,2023-12-26,Major Injury,5,34.91
INC-00737,SITE-034,2022-11-11,Near Miss,0,49.92
INC-00738,SITE-003,2022-07-27,Minor Injury,0,49.61
INC-00739,SITE-019,2024-09-08,Minor Injury,4,10.43
INC-00740,SITE-029,2020-09-20,Near Miss,0,44.46
INC-00741,SITE-017,2024-01-05,Major Injury,3,70.57
INC-00742,SITE-012,2024-09-29,Minor Injury,3,7.64
INC-00743,SITE-029,2023-08-19,Major Injury,1,46.5
INC-00744,SITE-043,2023-07-27,Major Injury,4,12.55
INC-00745,SITE-048,2020-02-26,Major Injury,2,3.47
INC-00746,SITE-020,2020-04-15,Major Injury,2,27.84
INC-00747,SITE-032,2022-08-02,Near Miss,1,77.91
INC-00748,SITE-047,2020-07-15,Near Miss,2,61.81
INC-00749,SITE-023,2023-06-28,Minor Injury,0,27.0
INC-00750,SITE-012,2024-10-01,Near Miss,2,80.2
INC-00751,SITE-018,2023-03-08,Major Injury,3,9.82
INC-00752,SITE-002,2024-01-11,Near Miss,1,24.17
INC-00753,SITE-026,2020-10-11,Minor Injury,3,78.99
INC-00754,SITE-005,2024-07-31,Near Miss,4,1.36
INC-00755,SITE-044,2021-11-08,Fatal Accident,5,59.53
INC-00756,SITE-004,2023-03-03,Fatal Accident,3,64.12
INC-00757,SITE-001,2020-02-25,Major Injury,3,35.62
INC-00758,SITE-041,2023-07-10,Near Miss,3,37.45
INC-00759,SITE-046,2022-12-02,Fatal Accident,2,85.78
INC-00760,SITE-024,2021-11-14,Near Miss,4,19.61
INC-00761,SITE-015,2020-09-27,Near Miss,5,54.61
INC-00762,SITE-025,2020-05-08,Near Miss,5,22.85
INC-00763,SITE-041,2023-03-26,Minor Injury,1,97.03
INC-00764,SITE-021,2020-01-04,Minor Injury,5,70.65
INC-00765,SITE-039,2024-12-17,Fatal Accident,4,83.26
INC-00766,SITE-013,2021-07-08,Major Injury,4,20.78
INC-00767,SITE-029,2022-07-17,Major Injury,2,88.54
INC-00768,SITE-012,2023-12-20,Fatal Accident,2,81.83
INC-00769,SITE-038,2021-09-20,Minor Injury,2,37.23
INC-00770,SITE-042,2023-08-15,Fatal Accident,5,7.09
INC-00771,SITE-048,2023-03-29,Near Miss,1,9.34
INC-00772,SITE-014,2020-07-14,Near Miss,2,7.0
INC-00773,SITE-021,2021-09-11,Fatal Accident,1,49.26
INC-00774,SITE-039,2021-02-18,Near Miss,1,51.79
INC-00775,SITE-013,2024-09-08,Fatal Accident,1,53.76
INC-00776,SITE-024,2024-09-20,Near Miss,4,66.95
INC-00777,SITE-033,2020-03-11,Fatal Accident,4,5.84
INC-00778,SITE-018,2020-07-05,Minor Injury,5,20.15
INC-00779,SITE-034,2021-10-07,Major Injury,0,53.99
INC-00780,SITE-043,2022-07-08,Minor Injury,0,55.16
INC-00781,SITE-034,2023-06-18,Minor Injury,5,98.77
INC-00782,SITE-012,2021-07-03,Near Miss,4,5.46
INC-00783,SITE-029,2022-07-27,Major Injury,1,88.66
INC-00784,SITE-025,2024-10-02,Fatal Accident,3,24.35
INC-00785,SITE-017,2020-06-11,Near Miss,3,73.63
INC-00786,SITE-045,2023-10-19,Minor Injury,4,47.61
INC-00787,SITE-010,2023-11-28,Minor Injury,0,48.69
INC-00788,SITE-029,2021-08-03,Near Miss,5,39.55
INC-00789,SITE-030,2022-02-21,Minor Injury,5,31.63
INC-00790,SITE-049,2024-06-09,Minor Injury,3,73.88
INC-00791,SITE-036,2020-08-24,Minor Injury,2,57.51
INC-00792,SITE-006,2020-03-16,Near Miss,3,56.22
INC-00793,SITE-022,2021-03-15,Near Miss,0,93.67
INC-00794,SITE-017,2022-03-29,Major Injury,0,67.51
INC-00795,SITE-045,2022-11-07,Minor Injury,1,4.38
INC-00796,SITE-012,2022-02-21,Major Injury,2,91.99
INC-00797,SITE-017,2024-11-24,Fatal Accident,1,97.59
INC-00798,SITE-009,2024-12-03,Near Miss,4,62.46
INC-00799,SITE-042,2024-01-20,Fatal Accident,0,80.65
INC-00800,SITE-035,2024-11-11,Fatal Accident,3,87.38
INC-00801,SITE-029,2020-11-09,Fatal Accident,3,20.83
INC-00802,SITE-020,2020-09-14,Minor Injury,1,85.23
INC-00803,SITE-025,2023-04-06,Fatal Accident,1,42.34
INC-00804,SITE-010,2023-06-19,Near Miss,2,0.63
INC-00805,SITE-039,2024-11-13,Minor Injury,4,66.8
INC-00806,SITE-007,2021-11-25,Near Miss,5,88.93
INC-00807,SITE-012,2020-11-24,Fatal Accident,0,72.24
INC-00808,SITE-018,2020-01-25,Minor Injury,2,75.71
INC-00809,SITE-015,2020-01-31,Minor Injury,0,13.67
INC-00810,SITE-033,2021-11-23,Minor Injury,1,95.4
INC-00811,SITE-016,2023-02-11,Major Injury,2,37.74
INC-00812,SITE-024,2020-11-30,Near Miss,1,9.0
INC-00813,SITE-015,2023-09-10,Major Injury,2,2.21
INC-00814,SITE-024,2022-02-16,Minor Injury,4,54.77
INC-00815,SITE-022,2022-04-17,Fatal Accident,3,45.36
INC-00816,SITE-020,2023-09-10,Near Miss,5,11.14
INC-00817,SITE-045,2023-02-04,Fatal Accident,4,0.98
INC-00818,SITE-036,2023-06-21,Major Injury,1,86.22
INC-00819,SITE-022,2024-05-11,Fatal Accident,4,55.23
INC-00820,SITE-041,2020-12-12,Minor Injury,1,37.78
INC-00821,SITE-035,2024-04-22,Near Miss,3,50.11
INC-00822,SITE-042,2021-05-26,Major Injury,5,83.52
INC-00823,SITE-016,2021-04-22,Near Miss,5,60.49
INC-00824,SITE-018,2024-08-04,Minor Injury,5,96.68
INC-00825,SITE-036,2023-07-15,Minor Injury,5,36.0
INC-00826,SITE-039,2023-09-09,Near Miss,2,87.66
INC-00827,SITE-044,2024-10-20,Major Injury,4,73.08
INC-00828,SITE-009,2021-07-05,Minor Injury,1,75.22
INC-00829,SITE-030,2021-07-07,Near Miss,4,88.21
INC-00830,SITE-010,2021-01-12,Minor Injury,3,9.38
INC-00831,SITE-038,2022-10-07,Near Miss,5,53.39
INC-00832,SITE-022,2022-08-10,Minor Injury,0,19.24
INC-00833,SITE-023,2022-08-11,Fatal Accident,0,63.36
INC-00834,SITE-012,2023-07-01,Fatal Accident,2,13.12
INC-00835,SITE-014,2023-06-16,Major Injury,1,63.18
INC-00836,SITE-030,2024-11-23,Fatal Accident,0,44.77
INC-00837,SITE-036,2020-06-21,Minor Injury,4,60.47
INC-00838,SITE-026,2024-09-22,Minor Injury,3,51.08
INC-00839,SITE-039,2023-01-03,Near Miss,4,87.01
INC-00840,SITE-036,2021-10-18,Minor Injury,5,96.15
INC-00841,SITE-016,2024-01-18,Major Injury,3,39.54
INC-00842,SITE-024,2023-03-16,Fatal Accident,3,20.26
INC-00843,SITE-017,2024-03-16,Major Injury,2,11.41
INC-00844,SITE-047,2022-12-26,Fatal Accident,5,20.04
INC-00845,SITE-039,2020-06-21,Near Miss,5,33.9
INC-00846,SITE-038,2023-07-09,Major Injury,4,67.18
INC-00847,SITE-035,2024-08-07,Fatal Accident,5,50.59
INC-00848,SITE-008,2021-07-29,Fatal Accident,3,85.9
INC-00849,SITE-038,2024-06-25,Near Miss,1,13.9
INC-00850,SITE-002,2022-06-04,Fatal Accident,2,8.33
INC-00851,SITE-045,2024-01-29,Near Miss,2,75.51
INC-00852,SITE-039,2021-05-18,Major Injury,4,95.97
INC-00853,SITE-037,2021-04-18,Fatal Accident,4,39.84
INC-00854,SITE-033,2020-01-15,Near Miss,3,1.73
INC-00855,SITE-020,2024-01-30,Fatal Accident,5,67.61
INC-00856,SITE-031,2024-02-19,Major Injury,3,12.85
INC-00857,SITE-034,2020-01-02,Near Miss,4,31.6
INC-00858,SITE-020,2024-03-13,Fatal Accident,3,22.54
INC-00859,SITE-015,2020-07-06,Minor Injury,3,38.81
INC-00860,SITE-042,2022-12-15,Major Injury,3,34.02
INC-00861,SITE-014,2021-10-12,Fatal Accident,0,19.44
INC-00862,SITE-013,2022-08-12,Minor Injury,1,16.4
INC-00863,SITE-021,2024-09-18,Minor Injury,1,32.98
INC-00864,SITE-039,2024-09-14,Fatal Accident,5,25.7
INC-00865,SITE-048,2024-05-09,Fatal Accident,2,33.24
INC-00866,SITE-032,2020-05-17,Major Injury,1,36.78
INC-00867,SITE-007,2021-07-16,Minor Injury,0,63.38
INC-00868,SITE-027,2020-07-21,Near Miss,2,34.48
INC-00869,SITE-011,2020-05-02,Major Injury,1,45.13
INC-00870,SITE-043,2024-05-30,Fatal Accident,2,14.89
INC-00871,SITE-016,2023-03-14,Near Miss,2,31.46
INC-00872,SITE-013,2023-07-01,Minor Injury,0,59.13
INC-00873,SITE-005,2022-05-18,Near Miss,3,27.49
INC-00874,SITE-031,2020-04-14,Minor Injury,4,78.12
INC-00875,SITE-029,2020-06-12,Fatal Accident,3,33.98
INC-00876,SITE-019,2020-11-12,Near Miss,1,46.2
INC-00877,SITE-039,2021-09-28,Near Miss,2,73.73
INC-00878,SITE-039,2023-11-11,Near Miss,0,43.71
INC-00879,SITE-029,2024-10-01,Near Miss,3,72.68
INC-00880,SITE-036,2023-07-15,Near Miss,0,8.28
INC-00881,SITE-037,2020-08-18,Minor Injury,3,79.76
INC-00882,SITE-037,2020-05-22,Minor Injury,1,1.87
INC-00883,SITE-008,2024-10-20,Near Miss,1,58.83
INC-00884,SITE-047,2023-03-15,Major Injury,2,4.02
INC-00885,SITE-018,2022-03-11,Minor Injury,5,49.56
INC-00886,SITE-008,2020-11-09,Fatal Accident,3,2.15
INC-00887,SITE-031,2021-09-24,Minor Injury,1,62.02
INC-00888,SITE-010,2022-04-07,Fatal Accident,4,95.19
INC-00889,SITE-009,2022-07-04,Minor Injury,0,70.73
INC-00890,SITE-032,2023-11-02,Minor Injury,0,1.83
INC-00891,SITE-037,2024-05-19,Near Miss,0,42.68
INC-00892,SITE-045,2022-03-25,Near Miss,2,87.07
INC-00893,SITE-028,2024-06-14,Fatal Accident,5,6.15
INC-00894,SITE-008,2021-02-28,Near Miss,1,70.02
INC-00895,SITE-048,2021-10-18,Fatal Accident,1,17.87
INC-00896,SITE-003,2022-06-22,Minor Injury,2,42.14
INC-00897,SITE-010,2023-05-19,Minor Injury,4,16.63
INC-00898,SITE-023,2021-06-23,Fatal Accident,1,55.46
INC-00899,SITE-016,2023-06-13,Near Miss,3,43.52
INC-00900,SITE-035,2022-02-11,Near Miss,3,40.05
INC-00901,SITE-039,2021-04-17,Major Injury,0,28.71
INC-00902,SITE-005,2024-07-27,Major Injury,3,3.51
INC-00903,SITE-023,2024-02-16,Near Miss,0,73.51
INC-00904,SITE-013,2023-04-23,Fatal Accident,3,31.87
INC-00905,SITE-037,2020-10-05,Major Injury,0,57.36
INC-00906,SITE-003,2020-10-28,Fatal Accident,2,89.89
INC-00907,SITE-027,2021-07-10,Major Injury,3,14.54
INC-00908,SITE-021,2023-02-18,Minor Injury,4,12.59
INC-00909,SITE-005,2022-07-03,Fatal Accident,1,43.95
INC-00910,SITE-017,2021-12-08,Minor Injury,4,76.52
INC-00911,SITE-045,2022-05-23,Fatal Accident,3,47.71
INC-00912,SITE-019,2023-11-02,Fatal Accident,4,61.16
INC-00913,SITE-010,2022-12-26,Fatal Accident,2,94.28
INC-00914,SITE-015,2023-04-16,Major Injury,2,62.13
INC-00915,SITE-010,2022-05-19,Major Injury,5,16.84
INC-00916,SITE-012,2023-04-05,Near Miss,5,17.22
INC-00917,SITE-006,2021-05-27,Near Miss,2,48.36
INC-00918,SITE-012,2022-07-02,Fatal Accident,4,8.24
INC-00919,SITE-002,2021-10-07,Near Miss,5,17.23
INC-00920,SITE-042,2023-08-12,Minor Injury,1,28.49
INC-00921,SITE-033,2021-08-12,Major Injury,4,53.38
INC-00922,SITE-020,2021-07-27,Major Injury,0,4.1
INC-00923,SITE-043,2020-02-02,Minor Injury,3,49.04
INC-00924,SITE-004,2022-05-19,Near Miss,3,86.51
INC-00925,SITE-046,2023-01-17,Near Miss,3,82.91
INC-00926,SITE-034,2023-03-31,Fatal Accident,0,13.55
INC-00927,SITE-037,2020-09-02,Near Miss,0,97.73
INC-00928,SITE-009,2020-07-31,Minor Injury,2,63.82
INC-00929,SITE-011,2022-02-10,Near Miss,3,36.05
INC-00930,SITE-014,2021-06-25,Major Injury,1,63.61
INC-00931,SITE-012,2023-02-05,Minor Injury,0,24.44
INC-00932,SITE-034,2020-09-03,Near Miss,3,17.59
INC-00933,SITE-021,2021-01-02,Near Miss,5,95.66
INC-00934,SITE-018,2021-04-13,Fatal Accident,1,97.82
INC-00935,SITE-033,2022-08-10,Fatal Accident,3,68.09
INC-00936,SITE-037,2021-05-28,Fatal Accident,3,9.5
INC-00937,SITE-008,2024-06-11,Minor Injury,2,76.01
INC-00938,SITE-024,2021-10-23,Near Miss,0,3.44
INC-00939,SITE-031,2024-11-04,Fatal Accident,1,11.1
INC-00940,SITE-034,2022-01-20,Fatal Accident,2,20.19
INC-00941,SITE-027,2022-08-13,Near Miss,5,30.85
INC-00942,SITE-006,2024-11-21,Minor Injury,2,30.33
INC-00943,SITE-002,2024-01-24,Major Injury,5,68.52
INC-00944,SITE-008,2022-12-09,Minor Injury,2,44.88
INC-00945,SITE-027,2021-07-11,Near Miss,4,37.34
INC-00946,SITE-043,2022-10-17,Fatal Accident,2,71.65
INC-00947,SITE-022,2020-08-24,Fatal Accident,2,10.06
INC-00948,SITE-039,2021-08-31,Near Miss,2,83.31
INC-00949,SITE-026,2020-01-06,Minor Injury,1,65.05
INC-00950,SITE-019,2020-05-04,Major Injury,2,60.76
INC-00951,SITE-002,2021-11-29,Fatal Accident,1,65.11
INC-00952,SITE-040,2024-02-07,Minor Injury,4,25.83
INC-00953,SITE-038,2020-05-01,Major Injury,0,24.38
INC-00954,SITE-009,2021-12-18,Major Injury,1,82.84
INC-00955,SITE-043,2024-10-27,Fatal Accident,5,3.32
INC-00956,SITE-037,2023-01-29,Major Injury,0,83.54
INC-00957,SITE-032,2022-04-07,Fatal Accident,5,34.03
INC-00958,SITE-029,2023-03-08,Fatal Accident,4,47.65
INC-00959,SITE-024,2024-08-21,Minor Injury,3,94.47
INC-00960,SITE-024,2024-11-21,Major Injury,4,20.72
INC-00961,SITE-034,2022-08-11,Fatal Accident,1,75.36
INC-00962,SITE-043,2023-04-17,Fatal Accident,2,83.04
INC-00963,SITE-041,2021-10-31,Minor Injury,0,82.29
INC-00964,SITE-020,2024-03-05,Minor Injury,2,81.91
INC-00965,SITE-001,2022-11-18,Near Miss,4,1.1
INC-00966,SITE-030,2024-02-06,Minor Injury,4,96.0
INC-00967,SITE-035,2021-02-21,Near Miss,4,22.13
INC-00968,SITE-008,2024-03-04,Minor Injury,1,65.94
INC-00969,SITE-016,2024-09-02,Fatal Accident,3,13.82
INC-00970,SITE-031,2022-09-06,Near Miss,5,63.2
INC-00971,SITE-005,2020-10-28,Major Injury,1,63.02
INC-00972,SITE-040,2023-10-29,Near Miss,3,69.5
INC-00973,SITE-009,2021-01-13,Near Miss,3,95.04
INC-00974,SITE-036,2022-08-27,Near Miss,5,18.6
INC-00975,SITE-042,2020-10-24,Minor Injury,2,62.12
INC-00976,SITE-004,2020-10-10,Near Miss,2,18.41
INC-00977,SITE-025,2022-07-15,Minor Injury,2,6.54
INC-00978,SITE-021,2024-09-19,Fatal Accident,2,80.84
INC-00979,SITE-015,2021-06-06,Fatal Accident,5,93.79
INC-00980,SITE-018,2020-05-05,Fatal Accident,0,20.24
INC-00981,SITE-041,2023-03-26,Fatal Accident,1,28.89
INC-00982,SITE-032,2023-12-09,Major Injury,1,44.59
INC-00983,SITE-009,2020-01-01,Fatal Accident,4,15.78
INC-00984,SITE-003,2022-10-12,Major Injury,3,6.82
INC-00985,SITE-001,2024-12-23,Major Injury,1,93.66
INC-00986,SITE-030,2020-07-18,Minor Injury,2,30.12
INC-00987,SITE-038,2021-08-24,Minor Injury,2,30.82
INC-00988,SITE-007,2021-02-08,Major Injury,5,52.18
INC-00989,SITE-035,2021-08-23,Major Injury,1,95.25
INC-00990,SITE-018,2023-09-05,Fatal Accident,3,72.12
INC-00991,SITE-036,2022-11-05,Major Injury,2,68.4
INC-00992,SITE-008,2024-09-22,Minor Injury,2,2.17
INC-00993,SITE-047,2020-11-13,Minor Injury,3,34.1
INC-00994,SITE-014,2023-01-09,Major Injury,4,45.46
INC-00995,SITE-049,2021-02-20,Fatal Accident,0,99.26
INC-00996,SITE-038,2021-08-09,Fatal Accident,0,27.62
INC-00997,SITE-003,2021-02-23,Minor Injury,5,39.8
INC-00998,SITE-013,2020-11-25,Near Miss,5,38.97
INC-00999,SITE-048,2023-02-18,Near Miss,1,64.48
